id,name,category,geography,country,source,source_url,frequency,unit,start,end,observations,classification,methodology
"TDSP","Household Debt-Service Ratio","Credit","US","United States","Federal Reserve Bank of St. Louis (FRED)","https://fred.stlouisfed.org/series/TDSP","quarterly","%","2005-01-01","2026-04-01","86","published observations","Required household debt payments divided by disposable personal income; seasonally adjusted. Quarterly releases, not daily observations."
"DRCCLACBS","Credit Card Loan Delinquency Rate","Credit","US","United States","Federal Reserve Bank of St. Louis (FRED)","https://fred.stlouisfed.org/series/DRCCLACBS","quarterly","%","1991-01-01","2026-04-01","142","published observations","Delinquent credit card loans at all commercial banks, seasonally adjusted. Source rate in percent; changes displayed in percentage points."
"DRSFRMACBS","Residential Mortgage Delinquency Rate","Credit","US","United States","Federal Reserve Bank of St. Louis (FRED)","https://fred.stlouisfed.org/series/DRSFRMACBS","quarterly","%","1991-01-01","2026-04-01","142","published observations","Single-family residential mortgage delinquency rate at domestic offices of all commercial banks, seasonally adjusted."
"UNRATE","Unemployment Rate","Labor","US","United States","Federal Reserve Bank of St. Louis (FRED)","https://fred.stlouisfed.org/series/UNRATE","monthly","%","1948-01-01","2026-08-01","943","published observations","Published source values at native frequency; missing values omitted."
"PAYEMS","Nonfarm Payrolls","Labor","US","United States","Federal Reserve Bank of St. Louis (FRED)","https://fred.stlouisfed.org/series/PAYEMS","monthly","thousands","1939-01-01","2026-08-01","1052","published observations","Published source values at native frequency; missing values omitted."
"ICSA","Initial Jobless Claims","Labor","US","United States","Federal Reserve Bank of St. Louis (FRED)","https://fred.stlouisfed.org/series/ICSA","weekly","claims","1967-01-07","2026-09-19","3116","published observations","Published source values at native frequency; missing values omitted."
"JTSJOL","Job Openings","Labor","US","United States","Federal Reserve Bank of St. Louis (FRED)","https://fred.stlouisfed.org/series/JTSJOL","monthly","thousands","2000-12-01","2026-08-01","309","published observations","Published source values at native frequency; missing values omitted."
"U6RATE","Underemployment Rate","Labor","US","United States","Federal Reserve Bank of St. Louis (FRED)","https://fred.stlouisfed.org/series/U6RATE","monthly","%","1994-01-01","2026-08-01","391","published observations","Published source values at native frequency; missing values omitted."
"CIVPART","Labor Force Participation Rate","Labor","US","United States","Federal Reserve Bank of St. Louis (FRED)","https://fred.stlouisfed.org/series/CIVPART","monthly","%","1948-01-01","2026-08-01","943","published observations","Published source values at native frequency; missing values omitted."
"EMRATIO","Employment-Population Ratio","Labor","US","United States","Federal Reserve Bank of St. Louis (FRED)","https://fred.stlouisfed.org/series/EMRATIO","monthly","%","1948-01-01","2026-08-01","943","published observations","Published source values at native frequency; missing values omitted."
"CES0500000003","Average Hourly Earnings","Labor","US","United States","Federal Reserve Bank of St. Louis (FRED)","https://fred.stlouisfed.org/series/CES0500000003","monthly","$/hour","2006-03-01","2026-08-01","246","published observations","Published source values at native frequency; missing values omitted."
"AWHAETP","Average Weekly Hours","Labor","US","United States","Federal Reserve Bank of St. Louis (FRED)","https://fred.stlouisfed.org/series/AWHAETP","monthly","hours","2006-03-01","2026-08-01","246","published observations","Published source values at native frequency; missing values omitted."
"CPIAUCSL","Consumer Price Index","Inflation","US","United States","Federal Reserve Bank of St. Louis (FRED)","https://fred.stlouisfed.org/series/CPIAUCSL","monthly","index","1947-01-01","2026-08-01","955","published observations","Published source values at native frequency; missing values omitted."
"CPILFESL","Core Consumer Price Index","Inflation","US","United States","Federal Reserve Bank of St. Louis (FRED)","https://fred.stlouisfed.org/series/CPILFESL","monthly","index","1957-01-01","2026-08-01","835","published observations","Published source values at native frequency; missing values omitted."
"PCEPI","PCE Price Index","Inflation","US","United States","Federal Reserve Bank of St. Louis (FRED)","https://fred.stlouisfed.org/series/PCEPI","monthly","index","1959-01-01","2026-08-01","812","published observations","Published source values at native frequency; missing values omitted."
"PCEPILFE","Core PCE Price Index","Inflation","US","United States","Federal Reserve Bank of St. Louis (FRED)","https://fred.stlouisfed.org/series/PCEPILFE","monthly","index","1959-01-01","2026-08-01","812","published observations","Published source values at native frequency; missing values omitted."
"PPIACO","Producer Price Index","Inflation","US","United States","Federal Reserve Bank of St. Louis (FRED)","https://fred.stlouisfed.org/series/PPIACO","monthly","index","1913-01-01","2026-08-01","1364","published observations","Published source values at native frequency; missing values omitted."
"T5YIE","5-Year Breakeven Inflation","Inflation","US","United States","Federal Reserve Bank of St. Louis (FRED)","https://fred.stlouisfed.org/series/T5YIE","daily","%","2003-01-02","2026-09-29","5940","published observations","Published source values at native frequency; missing values omitted."
"T10YIE","10-Year Breakeven Inflation","Inflation","US","United States","Federal Reserve Bank of St. Louis (FRED)","https://fred.stlouisfed.org/series/T10YIE","daily","%","2003-01-02","2026-09-29","5940","published observations","Published source values at native frequency; missing values omitted."
"GDPC1","Real Gross Domestic Product","Growth","US","United States","Federal Reserve Bank of St. Louis (FRED)","https://fred.stlouisfed.org/series/GDPC1","quarterly","billions","1947-01-01","2026-04-01","318","published observations","Published source values at native frequency; missing values omitted."
"PCECC96","Real Personal Consumption","Growth","US","United States","Federal Reserve Bank of St. Louis (FRED)","https://fred.stlouisfed.org/series/PCECC96","quarterly","billions","1947-01-01","2026-04-01","318","published observations","Published source values at native frequency; missing values omitted."
"INDPRO","Industrial Production","Growth","US","United States","Federal Reserve Bank of St. Louis (FRED)","https://fred.stlouisfed.org/series/INDPRO","monthly","index","1919-01-01","2026-08-01","1292","published observations","Published source values at native frequency; missing values omitted."
"RSAFS","Retail Sales","Growth","US","United States","Federal Reserve Bank of St. Louis (FRED)","https://fred.stlouisfed.org/series/RSAFS","monthly","millions","1992-01-01","2026-08-01","416","published observations","Published source values at native frequency; missing values omitted."
"CFNAI","Chicago Fed National Activity Index","Growth","US","United States","Federal Reserve Bank of St. Louis (FRED)","https://fred.stlouisfed.org/series/CFNAI","monthly","index","1967-03-01","2026-08-01","714","published observations","Published source values at native frequency; missing values omitted."
"DGORDER","Durable Goods Orders","Growth","US","United States","Federal Reserve Bank of St. Louis (FRED)","https://fred.stlouisfed.org/series/DGORDER","monthly","millions","1992-02-01","2026-08-01","415","published observations","Published source values at native frequency; missing values omitted."
"NEWORDER","Manufacturers New Orders","Growth","US","United States","Federal Reserve Bank of St. Louis (FRED)","https://fred.stlouisfed.org/series/NEWORDER","monthly","millions","1992-02-01","2026-08-01","415","published observations","Published source values at native frequency; missing values omitted."
"FEDFUNDS","Federal Funds Rate","Rates","US","United States","Federal Reserve Bank of St. Louis (FRED)","https://fred.stlouisfed.org/series/FEDFUNDS","monthly","%","1954-07-01","2026-08-01","866","published observations","Published source values at native frequency; missing values omitted."
"DGS1MO","1-Month Treasury Yield","Rates","US","United States","Federal Reserve Bank of St. Louis (FRED)","https://fred.stlouisfed.org/series/DGS1MO","daily","%","2001-07-31","2026-09-28","6292","published observations","Published source values at native frequency; missing values omitted."
"DGS3MO","3-Month Treasury Yield","Rates","US","United States","Federal Reserve Bank of St. Louis (FRED)","https://fred.stlouisfed.org/series/DGS3MO","daily","%","1981-09-01","2026-09-28","11268","published observations","Published source values at native frequency; missing values omitted."
"DGS6MO","6-Month Treasury Yield","Rates","US","United States","Federal Reserve Bank of St. Louis (FRED)","https://fred.stlouisfed.org/series/DGS6MO","daily","%","1981-09-01","2026-09-28","11268","published observations","Published source values at native frequency; missing values omitted."
"DGS1","1-Year Treasury Yield","Rates","US","United States","Federal Reserve Bank of St. Louis (FRED)","https://fred.stlouisfed.org/series/DGS1","daily","%","1962-01-02","2026-09-28","16170","published observations","Published source values at native frequency; missing values omitted."
"DGS2","2-Year Treasury Yield","Rates","US","United States","Federal Reserve Bank of St. Louis (FRED)","https://fred.stlouisfed.org/series/DGS2","daily","%","1976-06-01","2026-09-28","12578","published observations","Published source values at native frequency; missing values omitted."
"DGS5","5-Year Treasury Yield","Rates","US","United States","Federal Reserve Bank of St. Louis (FRED)","https://fred.stlouisfed.org/series/DGS5","daily","%","1962-01-02","2026-09-28","16170","published observations","Published source values at native frequency; missing values omitted."
"DGS7","7-Year Treasury Yield","Rates","US","United States","Federal Reserve Bank of St. Louis (FRED)","https://fred.stlouisfed.org/series/DGS7","daily","%","1969-07-01","2026-09-28","14300","published observations","Published source values at native frequency; missing values omitted."
"DGS10","10-Year Treasury Yield","Rates","US","United States","Federal Reserve Bank of St. Louis (FRED)","https://fred.stlouisfed.org/series/DGS10","daily","%","1962-01-02","2026-09-28","16170","published observations","Published source values at native frequency; missing values omitted."
"DGS20","20-Year Treasury Yield","Rates","US","United States","Federal Reserve Bank of St. Louis (FRED)","https://fred.stlouisfed.org/series/DGS20","daily","%","1962-01-02","2026-09-28","14481","published observations","Published source values at native frequency; missing values omitted."
"DGS30","30-Year Treasury Yield","Rates","US","United States","Federal Reserve Bank of St. Louis (FRED)","https://fred.stlouisfed.org/series/DGS30","daily","%","1977-02-15","2026-09-28","12400","published observations","Published source values at native frequency; missing values omitted."
"T10Y2Y","10Y–2Y Treasury Spread","Rates","US","United States","Federal Reserve Bank of St. Louis (FRED)","https://fred.stlouisfed.org/series/T10Y2Y","daily","percentage points","1976-06-01","2026-09-29","12579","published observations","Published source values at native frequency; missing values omitted."
"T10Y3M","10Y–3M Treasury Spread","Rates","US","United States","Federal Reserve Bank of St. Louis (FRED)","https://fred.stlouisfed.org/series/T10Y3M","daily","percentage points","1982-01-04","2026-09-29","11188","published observations","Published source values at native frequency; missing values omitted."
"M2SL","M2 Money Stock","Credit","US","United States","Federal Reserve Bank of St. Louis (FRED)","https://fred.stlouisfed.org/series/M2SL","monthly","billions","1959-01-01","2026-08-01","812","published observations","Published source values at native frequency; missing values omitted."
"NFCI","National Financial Conditions Index","Credit","US","United States","Federal Reserve Bank of St. Louis (FRED)","https://fred.stlouisfed.org/series/NFCI","weekly","index","1971-01-08","2026-09-25","2908","published observations","Published source values at native frequency; missing values omitted."
"STLFSI4","St. Louis Fed Financial Stress Index","Credit","US","United States","Federal Reserve Bank of St. Louis (FRED)","https://fred.stlouisfed.org/series/STLFSI4","weekly","index","1993-12-31","2026-09-18","1708","published observations","Published source values at native frequency; missing values omitted."
"BOGMBASE","Monetary Base","Credit","US","United States","Federal Reserve Bank of St. Louis (FRED)","https://fred.stlouisfed.org/series/BOGMBASE","monthly","billions","1959-01-01","2026-08-01","812","published observations","Published source values at native frequency; missing values omitted."
"WALCL","Federal Reserve Total Assets","Credit","US","United States","Federal Reserve Bank of St. Louis (FRED)","https://fred.stlouisfed.org/series/WALCL","weekly","millions","2002-12-18","2026-09-23","1241","published observations","Published source values at native frequency; missing values omitted."
"HOUST","Housing Starts","Housing","US","United States","Federal Reserve Bank of St. Louis (FRED)","https://fred.stlouisfed.org/series/HOUST","monthly","thousands","1959-01-01","2026-08-01","812","published observations","Published source values at native frequency; missing values omitted."
"PERMIT","Building Permits","Housing","US","United States","Federal Reserve Bank of St. Louis (FRED)","https://fred.stlouisfed.org/series/PERMIT","monthly","thousands","1960-01-01","2026-08-01","800","published observations","Published source values at native frequency; missing values omitted."
"HSN1F","New One-Family Houses Sold","Housing","US","United States","Federal Reserve Bank of St. Louis (FRED)","https://fred.stlouisfed.org/series/HSN1F","monthly","thousands","1963-01-01","2026-08-01","764","published observations","Published source values at native frequency; missing values omitted."
"CSUSHPINSA","Case-Shiller U.S. Home Price Index","Housing","US","United States","Federal Reserve Bank of St. Louis (FRED)","https://fred.stlouisfed.org/series/CSUSHPINSA","monthly","index","1987-01-01","2026-06-01","474","published observations","Published source values at native frequency; missing values omitted."
"MSPUS","Median New Home Sale Price","Housing","US","United States","Federal Reserve Bank of St. Louis (FRED)","https://fred.stlouisfed.org/series/MSPUS","quarterly","$","1963-01-01","2026-04-01","254","published observations","Published source values at native frequency; missing values omitted."
"MORTGAGE30US","30-Year Mortgage Rate","Housing","US","United States","Federal Reserve Bank of St. Louis (FRED)","https://fred.stlouisfed.org/series/MORTGAGE30US","weekly","%","1971-04-02","2026-09-24","2896","published observations","Published source values at native frequency; missing values omitted."
"DCOILWTICO","WTI Crude Oil","Commodities","US","United States","Federal Reserve Bank of St. Louis (FRED)","https://fred.stlouisfed.org/series/DCOILWTICO","daily","$/barrel","1986-01-02","2026-09-22","9507","published observations","Published source values at native frequency; missing values omitted."
"GASREGW","Regular Gas Price","Commodities","US","United States","Federal Reserve Bank of St. Louis (FRED)","https://fred.stlouisfed.org/series/GASREGW","weekly","$/gallon","1990-08-20","2026-09-28","1879","published observations","Published source values at native frequency; missing values omitted."
"DTWEXBGS","Trade-Weighted U.S. Dollar","Currencies","FX","","Federal Reserve Bank of St. Louis (FRED)","https://fred.stlouisfed.org/series/DTWEXBGS","daily","index","2006-01-02","2026-09-25","5198","published observations","Published source values at native frequency; missing values omitted."
"DEXUSAL","Australian Dollar","Currencies","FX","","Federal Reserve Bank of St. Louis (FRED)","https://fred.stlouisfed.org/series/DEXUSAL","daily","USD per AUD","1971-01-04","2026-09-25","13969","published observations","Published source values at native frequency; missing values omitted."
"DEXCAUS","Canadian Dollar","Currencies","FX","","Federal Reserve Bank of St. Louis (FRED)","https://fred.stlouisfed.org/series/DEXCAUS","daily","USD per CAD","1971-01-04","2026-09-25","13982","published observations","Published source values at native frequency; missing values omitted."
"DEXSZUS","Swiss Franc","Currencies","FX","","Federal Reserve Bank of St. Louis (FRED)","https://fred.stlouisfed.org/series/DEXSZUS","daily","USD per CHF","1971-01-04","2026-09-25","13976","published observations","Published source values at native frequency; missing values omitted."
"DEXUSEU","Euro","Currencies","FX","","Federal Reserve Bank of St. Louis (FRED)","https://fred.stlouisfed.org/series/DEXUSEU","daily","USD per EUR","1999-01-04","2026-09-25","6955","published observations","Published source values at native frequency; missing values omitted."
"DEXUSUK","British Pound","Currencies","FX","","Federal Reserve Bank of St. Louis (FRED)","https://fred.stlouisfed.org/series/DEXUSUK","daily","USD per GBP","1971-01-04","2026-09-25","13976","published observations","Published source values at native frequency; missing values omitted."
"DEXJPUS","Japanese Yen","Currencies","FX","","Federal Reserve Bank of St. Louis (FRED)","https://fred.stlouisfed.org/series/DEXJPUS","daily","USD per JPY","1971-01-04","2026-09-25","13970","published observations","Published source values at native frequency; missing values omitted."
"DEXUSNZ","New Zealand Dollar","Currencies","FX","","Federal Reserve Bank of St. Louis (FRED)","https://fred.stlouisfed.org/series/DEXUSNZ","daily","USD per NZD","1971-01-04","2026-09-25","13960","published observations","Published source values at native frequency; missing values omitted."
"DEXCHUS","Chinese Yuan","Currencies","FX","","Federal Reserve Bank of St. Louis (FRED)","https://fred.stlouisfed.org/series/DEXCHUS","daily","USD per CNY","1981-01-02","2026-09-25","11416","published observations","Published source values at native frequency; missing values omitted."
"DEXINUS","Indian Rupee","Currencies","FX","","Federal Reserve Bank of St. Louis (FRED)","https://fred.stlouisfed.org/series/DEXINUS","daily","USD per INR","1973-01-02","2026-09-25","13468","published observations","Published source values at native frequency; missing values omitted."
"DEXBZUS","Brazilian Real","Currencies","FX","","Federal Reserve Bank of St. Louis (FRED)","https://fred.stlouisfed.org/series/DEXBZUS","daily","USD per BRL","1995-01-02","2026-09-25","7959","published observations","Published source values at native frequency; missing values omitted."
"DEXMXUS","Mexican Peso","Currencies","FX","","Federal Reserve Bank of St. Louis (FRED)","https://fred.stlouisfed.org/series/DEXMXUS","daily","USD per MXN","1993-11-08","2026-09-25","8244","published observations","Published source values at native frequency; missing values omitted."
"DEXSDUS","Swedish Krona","Currencies","FX","","Federal Reserve Bank of St. Louis (FRED)","https://fred.stlouisfed.org/series/DEXSDUS","daily","USD per SEK","1971-01-04","2026-09-25","13975","published observations","Published source values at native frequency; missing values omitted."
"DEXNOUS","Norwegian Krone","Currencies","FX","","Federal Reserve Bank of St. Louis (FRED)","https://fred.stlouisfed.org/series/DEXNOUS","daily","USD per NOK","1971-01-04","2026-09-25","13975","published observations","Published source values at native frequency; missing values omitted."
"DEXSIUS","Singapore Dollar","Currencies","FX","","Federal Reserve Bank of St. Louis (FRED)","https://fred.stlouisfed.org/series/DEXSIUS","daily","USD per SGD","1981-01-02","2026-09-25","11475","published observations","Published source values at native frequency; missing values omitted."
"DEXHKUS","Hong Kong Dollar","Currencies","FX","","Federal Reserve Bank of St. Louis (FRED)","https://fred.stlouisfed.org/series/DEXHKUS","daily","USD per HKD","1981-01-02","2026-09-25","11476","published observations","Published source values at native frequency; missing values omitted."
"DEXKOUS","South Korean Won","Currencies","FX","","Federal Reserve Bank of St. Louis (FRED)","https://fred.stlouisfed.org/series/DEXKOUS","daily","USD per KRW","1981-04-13","2026-09-25","11362","published observations","Published source values at native frequency; missing values omitted."
"DEXSFUS","South African Rand","Currencies","FX","","Federal Reserve Bank of St. Louis (FRED)","https://fred.stlouisfed.org/series/DEXSFUS","daily","USD per ZAR","1980-01-02","2026-09-25","11719","published observations","Published source values at native frequency; missing values omitted."
"USMINE","Mining and Logging Payrolls","Labor","US","United States","Federal Reserve Bank of St. Louis (FRED)","https://fred.stlouisfed.org/series/USMINE","monthly","thousands","1939-01-01","2026-08-01","1052","published observations","Published source values at native frequency; missing values omitted."
"USCONS","Construction Payrolls","Labor","US","United States","Federal Reserve Bank of St. Louis (FRED)","https://fred.stlouisfed.org/series/USCONS","monthly","thousands","1939-01-01","2026-08-01","1052","published observations","Published source values at native frequency; missing values omitted."
"MANEMP","Manufacturing Payrolls","Labor","US","United States","Federal Reserve Bank of St. Louis (FRED)","https://fred.stlouisfed.org/series/MANEMP","monthly","thousands","1939-01-01","2026-08-01","1052","published observations","Published source values at native frequency; missing values omitted."
"USINFO","Information Payrolls","Labor","US","United States","Federal Reserve Bank of St. Louis (FRED)","https://fred.stlouisfed.org/series/USINFO","monthly","thousands","1939-01-01","2026-08-01","1052","published observations","Published source values at native frequency; missing values omitted."
"USFIRE","Financial Activities Payrolls","Labor","US","United States","Federal Reserve Bank of St. Louis (FRED)","https://fred.stlouisfed.org/series/USFIRE","monthly","thousands","1939-01-01","2026-08-01","1052","published observations","Published source values at native frequency; missing values omitted."
"USPBS","Professional Services Payrolls","Labor","US","United States","Federal Reserve Bank of St. Louis (FRED)","https://fred.stlouisfed.org/series/USPBS","monthly","thousands","1939-01-01","2026-08-01","1052","published observations","Published source values at native frequency; missing values omitted."
"USEHS","Education and Health Payrolls","Labor","US","United States","Federal Reserve Bank of St. Louis (FRED)","https://fred.stlouisfed.org/series/USEHS","monthly","thousands","1939-01-01","2026-08-01","1052","published observations","Published source values at native frequency; missing values omitted."
"USLAH","Leisure and Hospitality Payrolls","Labor","US","United States","Federal Reserve Bank of St. Louis (FRED)","https://fred.stlouisfed.org/series/USLAH","monthly","thousands","1939-01-01","2026-08-01","1052","published observations","Published source values at native frequency; missing values omitted."
"USGOVT","Government Payrolls","Labor","US","United States","Federal Reserve Bank of St. Louis (FRED)","https://fred.stlouisfed.org/series/USGOVT","monthly","thousands","1939-01-01","2026-08-01","1052","published observations","Published source values at native frequency; missing values omitted."
"USTRADE","Trade and Transportation Payrolls","Labor","US","United States","Federal Reserve Bank of St. Louis (FRED)","https://fred.stlouisfed.org/series/USTRADE","monthly","thousands","1939-01-01","2026-08-01","1052","published observations","Published source values at native frequency; missing values omitted."
"FPCPITOTLZGCAN","Annual consumer inflation · Canada","Inflation","Canada","Canada","Federal Reserve Bank of St. Louis (FRED)","https://fred.stlouisfed.org/series/FPCPITOTLZGCAN","annual","%","1960-01-01","2025-01-01","66","published observations","Published source values at native frequency; missing values omitted."
"CP0000DEM086NEST","Harmonized Consumer Price Index · Germany","Inflation","Germany","Germany","Federal Reserve Bank of St. Louis (FRED)","https://fred.stlouisfed.org/series/CP0000DEM086NEST","monthly","index","1996-01-01","2026-08-01","368","published observations","Published source values at native frequency; missing values omitted."
"CP0000FRM086NEST","Harmonized Consumer Price Index · France","Inflation","France","France","Federal Reserve Bank of St. Louis (FRED)","https://fred.stlouisfed.org/series/CP0000FRM086NEST","monthly","index","1996-01-01","2026-08-01","368","published observations","Published source values at native frequency; missing values omitted."
"CP0000ITM086NEST","Harmonized Consumer Price Index · Italy","Inflation","Italy","Italy","Federal Reserve Bank of St. Louis (FRED)","https://fred.stlouisfed.org/series/CP0000ITM086NEST","monthly","index","1996-01-01","2026-08-01","368","published observations","Published source values at native frequency; missing values omitted."
"FPCPITOTLZGJPN","Inflation, consumer prices · Japan","Inflation","Japan","Japan","Federal Reserve Bank of St. Louis (FRED)","https://fred.stlouisfed.org/series/FPCPITOTLZGJPN","annual","%","1960-01-01","2025-01-01","66","published observations","Published source values at native frequency; missing values omitted."
"FPCPITOTLZGAUS","Inflation, consumer prices · Australia","Inflation","Australia","Australia","Federal Reserve Bank of St. Louis (FRED)","https://fred.stlouisfed.org/series/FPCPITOTLZGAUS","annual","%","1960-01-01","2025-01-01","66","published observations","Published source values at native frequency; missing values omitted."
"FPCPITOTLZGCHN","Annual consumer inflation · China","Inflation","China","China","Federal Reserve Bank of St. Louis (FRED)","https://fred.stlouisfed.org/series/FPCPITOTLZGCHN","annual","%","1987-01-01","2025-01-01","39","published observations","Published source values at native frequency; missing values omitted."
"FPCPITOTLZGIND","Annual consumer inflation · India","Inflation","India","India","Federal Reserve Bank of St. Louis (FRED)","https://fred.stlouisfed.org/series/FPCPITOTLZGIND","annual","%","1960-01-01","2025-01-01","66","published observations","Published source values at native frequency; missing values omitted."
"FPCPITOTLZGBRA","Annual consumer inflation · Brazil","Inflation","Brazil","Brazil","Federal Reserve Bank of St. Louis (FRED)","https://fred.stlouisfed.org/series/FPCPITOTLZGBRA","annual","%","1981-01-01","2025-01-01","45","published observations","Published source values at native frequency; missing values omitted."
"FPCPITOTLZGMEX","Inflation, consumer prices · Mexico","Inflation","Mexico","Mexico","Federal Reserve Bank of St. Louis (FRED)","https://fred.stlouisfed.org/series/FPCPITOTLZGMEX","annual","%","1960-01-01","2025-01-01","66","published observations","Published source values at native frequency; missing values omitted."
"FPCPITOTLZGKOR","Inflation, consumer prices · South Korea","Inflation","South Korea","South Korea","Federal Reserve Bank of St. Louis (FRED)","https://fred.stlouisfed.org/series/FPCPITOTLZGKOR","annual","%","1960-01-01","2025-01-01","66","published observations","Published source values at native frequency; missing values omitted."
"CP0000ESM086NEST","Harmonized Consumer Price Index · Spain","Inflation","Spain","Spain","Federal Reserve Bank of St. Louis (FRED)","https://fred.stlouisfed.org/series/CP0000ESM086NEST","monthly","index","1996-01-01","2026-08-01","368","published observations","Published source values at native frequency; missing values omitted."
"FPCPITOTLZGGBR","Inflation, consumer prices · United Kingdom","Inflation","United Kingdom","United Kingdom","Federal Reserve Bank of St. Louis (FRED)","https://fred.stlouisfed.org/series/FPCPITOTLZGGBR","annual","%","1960-01-01","2025-01-01","66","published observations","Published source values at native frequency; missing values omitted."
"NGDPRSAXDCCAQ","Real GDP · Canada","Growth","Canada","Canada","Federal Reserve Bank of St. Louis (FRED)","https://fred.stlouisfed.org/series/NGDPRSAXDCCAQ","quarterly","millions local currency","1961-01-01","2026-04-01","262","published observations","Published source values at native frequency; missing values omitted."
"NGDPRSAXDCDEQ","Real GDP · Germany","Growth","Germany","Germany","Federal Reserve Bank of St. Louis (FRED)","https://fred.stlouisfed.org/series/NGDPRSAXDCDEQ","quarterly","millions local currency","1991-01-01","2026-04-01","142","published observations","Published source values at native frequency; missing values omitted."
"NGDPRSAXDCFRQ","Real GDP · France","Growth","France","France","Federal Reserve Bank of St. Louis (FRED)","https://fred.stlouisfed.org/series/NGDPRSAXDCFRQ","quarterly","millions local currency","1980-01-01","2026-04-01","186","published observations","Published source values at native frequency; missing values omitted."
"NGDPRSAXDCITQ","Real GDP · Italy","Growth","Italy","Italy","Federal Reserve Bank of St. Louis (FRED)","https://fred.stlouisfed.org/series/NGDPRSAXDCITQ","quarterly","millions local currency","1996-01-01","2026-04-01","122","published observations","Published source values at native frequency; missing values omitted."
"NGDPRSAXDCJPQ","Real GDP · Japan","Growth","Japan","Japan","Federal Reserve Bank of St. Louis (FRED)","https://fred.stlouisfed.org/series/NGDPRSAXDCJPQ","quarterly","millions local currency","1994-01-01","2026-04-01","130","published observations","Published source values at native frequency; missing values omitted."
"NGDPRSAXDCAUQ","Real GDP · Australia","Growth","Australia","Australia","Federal Reserve Bank of St. Louis (FRED)","https://fred.stlouisfed.org/series/NGDPRSAXDCAUQ","quarterly","millions local currency","1959-07-01","2026-04-01","268","published observations","Published source values at native frequency; missing values omitted."
"NGDPRSAXDCBRQ","Real GDP · Brazil","Growth","Brazil","Brazil","Federal Reserve Bank of St. Louis (FRED)","https://fred.stlouisfed.org/series/NGDPRSAXDCBRQ","quarterly","millions local currency","1996-01-01","2026-04-01","122","published observations","Published source values at native frequency; missing values omitted."
"NGDPRSAXDCMXQ","Real GDP · Mexico","Growth","Mexico","Mexico","Federal Reserve Bank of St. Louis (FRED)","https://fred.stlouisfed.org/series/NGDPRSAXDCMXQ","quarterly","millions local currency","1993-01-01","2026-04-01","134","published observations","Published source values at native frequency; missing values omitted."
"NGDPRSAXDCKRQ","Real GDP · South Korea","Growth","South Korea","South Korea","Federal Reserve Bank of St. Louis (FRED)","https://fred.stlouisfed.org/series/NGDPRSAXDCKRQ","quarterly","millions local currency","1960-01-01","2026-04-01","266","published observations","Published source values at native frequency; missing values omitted."
"NGDPRSAXDCGBQ","Real GDP · United Kingdom","Growth","United Kingdom","United Kingdom","Federal Reserve Bank of St. Louis (FRED)","https://fred.stlouisfed.org/series/NGDPRSAXDCGBQ","quarterly","millions local currency","1955-01-01","2026-04-01","286","published observations","Published source values at native frequency; missing values omitted."
"LRHUTTTTCAM156S","Harmonized Unemployment Rate · Canada","Labor","Canada","Canada","Federal Reserve Bank of St. Louis (FRED)","https://fred.stlouisfed.org/series/LRHUTTTTCAM156S","monthly","%","1955-01-01","2026-08-01","860","published observations","Published source values at native frequency; missing values omitted."
"LRHUTTTTDEM156S","Harmonized Unemployment Rate · Germany","Labor","Germany","Germany","Federal Reserve Bank of St. Louis (FRED)","https://fred.stlouisfed.org/series/LRHUTTTTDEM156S","monthly","%","1991-01-01","2026-07-01","427","published observations","Published source values at native frequency; missing values omitted."
"LRHUTTTTFRM156S","Harmonized Unemployment Rate · France","Labor","France","France","Federal Reserve Bank of St. Louis (FRED)","https://fred.stlouisfed.org/series/LRHUTTTTFRM156S","monthly","%","1983-01-01","2026-07-01","523","published observations","Published source values at native frequency; missing values omitted."
"LRHUTTTTITM156S","Harmonized Unemployment Rate · Italy","Labor","Italy","Italy","Federal Reserve Bank of St. Louis (FRED)","https://fred.stlouisfed.org/series/LRHUTTTTITM156S","monthly","%","1983-01-01","2026-07-01","523","published observations","Published source values at native frequency; missing values omitted."
"LRHUTTTTJPM156S","Harmonized Unemployment Rate · Japan","Labor","Japan","Japan","Federal Reserve Bank of St. Louis (FRED)","https://fred.stlouisfed.org/series/LRHUTTTTJPM156S","monthly","%","1955-01-01","2026-07-01","859","published observations","Published source values at native frequency; missing values omitted."
"LRHUTTTTAUM156S","Harmonized Unemployment Rate · Australia","Labor","Australia","Australia","Federal Reserve Bank of St. Louis (FRED)","https://fred.stlouisfed.org/series/LRHUTTTTAUM156S","monthly","%","1978-02-01","2026-07-01","582","published observations","Published source values at native frequency; missing values omitted."
"LRHUTTTTMXM156S","Harmonized Unemployment Rate · Mexico","Labor","Mexico","Mexico","Federal Reserve Bank of St. Louis (FRED)","https://fred.stlouisfed.org/series/LRHUTTTTMXM156S","monthly","%","1987-01-01","2026-07-01","475","published observations","Published source values at native frequency; missing values omitted."
"LRHUTTTTKRM156S","Harmonized Unemployment Rate · South Korea","Labor","South Korea","South Korea","Federal Reserve Bank of St. Louis (FRED)","https://fred.stlouisfed.org/series/LRHUTTTTKRM156S","monthly","%","1990-01-01","2026-07-01","439","published observations","Published source values at native frequency; missing values omitted."
"LRHUTTTTESM156S","Harmonized Unemployment Rate · Spain","Labor","Spain","Spain","Federal Reserve Bank of St. Louis (FRED)","https://fred.stlouisfed.org/series/LRHUTTTTESM156S","monthly","%","1986-04-01","2026-07-01","484","published observations","Published source values at native frequency; missing values omitted."
"LRHUTTTTGBM156S","Harmonized Unemployment Rate · United Kingdom","Labor","United Kingdom","United Kingdom","Federal Reserve Bank of St. Louis (FRED)","https://fred.stlouisfed.org/series/LRHUTTTTGBM156S","monthly","%","1983-01-01","2026-05-01","521","published observations","Published source values at native frequency; missing values omitted."
"CLF16OV","Civilian Labor Force Level","Labor","US","United States","Federal Reserve Bank of St. Louis (FRED)","https://fred.stlouisfed.org/series/CLF16OV","monthly","thousands","1948-01-01","2026-08-01","943","published observations","Published source values at native frequency; missing values omitted."
"CE16OV","Employment Level","Labor","US","United States","Federal Reserve Bank of St. Louis (FRED)","https://fred.stlouisfed.org/series/CE16OV","monthly","thousands","1948-01-01","2026-08-01","943","published observations","Published source values at native frequency; missing values omitted."
"AHETPI","Average Hourly Earnings · Production and Nonsupervisory","Labor","US","United States","Federal Reserve Bank of St. Louis (FRED)","https://fred.stlouisfed.org/series/AHETPI","monthly","$/hour","1964-01-01","2026-08-01","752","published observations","Published source values at native frequency; missing values omitted."
"LES1252881600Q","Median Usual Weekly Real Earnings","Labor","US","United States","Federal Reserve Bank of St. Louis (FRED)","https://fred.stlouisfed.org/series/LES1252881600Q","quarterly","1982–84 CPI dollars/week","1979-01-01","2026-04-01","189","published observations","Published source values at native frequency; missing values omitted."
"JTSQUR","Quits Rate · Total Nonfarm","Labor","US","United States","Federal Reserve Bank of St. Louis (FRED)","https://fred.stlouisfed.org/series/JTSQUR","monthly","%","2000-12-01","2026-08-01","309","published observations","Published source values at native frequency; missing values omitted."
"JTSHIR","Hires Rate · Total Nonfarm","Labor","US","United States","Federal Reserve Bank of St. Louis (FRED)","https://fred.stlouisfed.org/series/JTSHIR","monthly","%","2000-12-01","2026-08-01","309","published observations","Published source values at native frequency; missing values omitted."
"JTSLDL","Layoffs and Discharges · Total Nonfarm","Labor","US","United States","Federal Reserve Bank of St. Louis (FRED)","https://fred.stlouisfed.org/series/JTSLDL","monthly","thousands","2000-12-01","2026-08-01","309","published observations","Published source values at native frequency; missing values omitted."
"JTSTSR","Total Separations Rate · Total Nonfarm","Labor","US","United States","Federal Reserve Bank of St. Louis (FRED)","https://fred.stlouisfed.org/series/JTSTSR","monthly","%","2000-12-01","2026-08-01","309","published observations","Published source values at native frequency; missing values omitted."
"HOUST1F","Housing Starts · 1 Unit","Housing","US","United States","Federal Reserve Bank of St. Louis (FRED)","https://fred.stlouisfed.org/series/HOUST1F","monthly","thousands","1959-01-01","2026-08-01","812","published observations","Published source values at native frequency; missing values omitted."
"PERMIT1","Building Permits · 1 Unit","Housing","US","United States","Federal Reserve Bank of St. Louis (FRED)","https://fred.stlouisfed.org/series/PERMIT1","monthly","thousands","1960-01-01","2026-08-01","800","published observations","Published source values at native frequency; missing values omitted."
"MEHOINUSA672N","Real Median Household Income","Housing","US","United States","Federal Reserve Bank of St. Louis (FRED)","https://fred.stlouisfed.org/series/MEHOINUSA672N","annual","$","1984-01-01","2025-01-01","42","published observations","Published source values at native frequency; missing values omitted."
"MORTGAGE15US","15-Year Fixed Mortgage Rate","Housing","US","United States","Federal Reserve Bank of St. Louis (FRED)","https://fred.stlouisfed.org/series/MORTGAGE15US","weekly","%","1991-08-30","2026-09-24","1831","published observations","Published source values at native frequency; missing values omitted."
"BAA10Y","Baa Corporate Bond Spread","Credit","US","United States","Federal Reserve Bank of St. Louis (FRED)","https://fred.stlouisfed.org/series/BAA10Y","daily","percentage points","1986-01-02","2026-09-28","10185","published observations","Published source values at native frequency; missing values omitted."
"AAA10Y","Aaa Corporate Bond Spread","Credit","US","United States","Federal Reserve Bank of St. Louis (FRED)","https://fred.stlouisfed.org/series/AAA10Y","daily","percentage points","1983-01-03","2026-09-28","10932","published observations","Published source values at native frequency; missing values omitted."
"BAA","Moody's Seasoned Baa Corporate Bond Yield","Credit","US","United States","Federal Reserve Bank of St. Louis (FRED)","https://fred.stlouisfed.org/series/BAA","monthly","%","1919-01-01","2026-08-01","1292","published observations","Published source values at native frequency; missing values omitted."
"AAA","Moody's Seasoned Aaa Corporate Bond Yield","Credit","US","United States","Federal Reserve Bank of St. Louis (FRED)","https://fred.stlouisfed.org/series/AAA","monthly","%","1919-01-01","2026-08-01","1292","published observations","Published source values at native frequency; missing values omitted."
"DFF","Daily Effective Federal Funds Rate","Rates","US","United States","Federal Reserve Bank of St. Louis (FRED)","https://fred.stlouisfed.org/series/DFF","daily","%","1954-07-01","2026-09-28","26388","published observations","Published source values at native frequency; missing values omitted."
"SOFR","Secured Overnight Financing Rate","Rates","US","United States","Federal Reserve Bank of St. Louis (FRED)","https://fred.stlouisfed.org/series/SOFR","daily","%","2018-04-03","2026-09-29","2121","published observations","Published source values at native frequency; missing values omitted."
"DFII5","5-Year Treasury Inflation-Indexed Security","Rates","US","United States","Federal Reserve Bank of St. Louis (FRED)","https://fred.stlouisfed.org/series/DFII5","daily","%","2003-01-02","2026-09-28","5939","published observations","Published source values at native frequency; missing values omitted."
"DFII10","10-Year Treasury Inflation-Indexed Security","Rates","US","United States","Federal Reserve Bank of St. Louis (FRED)","https://fred.stlouisfed.org/series/DFII10","daily","%","2003-01-02","2026-09-28","5939","published observations","Published source values at native frequency; missing values omitted."
"DFII30","30-Year Treasury Inflation-Indexed Security","Rates","US","United States","Federal Reserve Bank of St. Louis (FRED)","https://fred.stlouisfed.org/series/DFII30","daily","%","2010-02-22","2026-09-28","4154","published observations","Published source values at native frequency; missing values omitted."
"T5YIFR","5-Year, 5-Year Forward Inflation Expectation","Inflation","US","United States","Federal Reserve Bank of St. Louis (FRED)","https://fred.stlouisfed.org/series/T5YIFR","daily","%","2003-01-02","2026-09-29","5940","published observations","Published source values at native frequency; missing values omitted."
"PALLFNFINDEXM","IMF Primary Commodity Price Index · All Commodities","Commodities","Global","","Federal Reserve Bank of St. Louis (FRED)","https://fred.stlouisfed.org/series/PALLFNFINDEXM","monthly","index","1992-01-01","2026-07-01","415","published observations","Published source values at native frequency; missing values omitted."
"PPOILUSDM","IMF Primary Commodity Price · Palm Oil","Commodities","Global","","Federal Reserve Bank of St. Louis (FRED)","https://fred.stlouisfed.org/series/PPOILUSDM","monthly","$/metric ton","1992-01-01","2026-07-01","415","published observations","Published source values at native frequency; missing values omitted."
"POILBREUSDM","IMF Primary Commodity Price · Brent Crude","Commodities","Global","","Federal Reserve Bank of St. Louis (FRED)","https://fred.stlouisfed.org/series/POILBREUSDM","monthly","$/barrel","1992-01-01","2026-07-01","415","published observations","Published source values at native frequency; missing values omitted."
"POILWTIUSDM","IMF Primary Commodity Price · WTI Crude","Commodities","Global","","Federal Reserve Bank of St. Louis (FRED)","https://fred.stlouisfed.org/series/POILWTIUSDM","monthly","$/barrel","1992-01-01","2026-07-01","415","published observations","Published source values at native frequency; missing values omitted."
"PCOPPUSDM","IMF Primary Commodity Price · Copper","Commodities","Global","","Federal Reserve Bank of St. Louis (FRED)","https://fred.stlouisfed.org/series/PCOPPUSDM","monthly","$/metric ton","1992-01-01","2026-07-01","415","published observations","Published source values at native frequency; missing values omitted."
"PWHEAMTUSDM","IMF Primary Commodity Price · Wheat","Commodities","Global","","Federal Reserve Bank of St. Louis (FRED)","https://fred.stlouisfed.org/series/PWHEAMTUSDM","monthly","$/metric ton","1992-01-01","2026-07-01","415","published observations","Published source values at native frequency; missing values omitted."
"PMAIZMTUSDM","IMF Primary Commodity Price · Corn","Commodities","Global","","Federal Reserve Bank of St. Louis (FRED)","https://fred.stlouisfed.org/series/PMAIZMTUSDM","monthly","$/metric ton","1992-01-01","2026-07-01","415","published observations","Published source values at native frequency; missing values omitted."
"PSOYBUSDM","IMF Primary Commodity Price · Soybeans","Commodities","Global","","Federal Reserve Bank of St. Louis (FRED)","https://fred.stlouisfed.org/series/PSOYBUSDM","monthly","$/metric ton","1992-01-01","2026-07-01","415","published observations","Published source values at native frequency; missing values omitted."
"PZINCUSDM","IMF Primary Commodity Price · Zinc","Commodities","Global","","Federal Reserve Bank of St. Louis (FRED)","https://fred.stlouisfed.org/series/PZINCUSDM","monthly","$/metric ton","1992-01-01","2026-07-01","415","published observations","Published source values at native frequency; missing values omitted."
"PNICKUSDM","IMF Primary Commodity Price · Nickel","Commodities","Global","","Federal Reserve Bank of St. Louis (FRED)","https://fred.stlouisfed.org/series/PNICKUSDM","monthly","$/metric ton","1992-01-01","2026-07-01","415","published observations","Published source values at native frequency; missing values omitted."
"DTWEXAFEGS","Trade-Weighted U.S. Dollar · Advanced Foreign Economies","Currencies","FX","","Federal Reserve Bank of St. Louis (FRED)","https://fred.stlouisfed.org/series/DTWEXAFEGS","daily","index","2006-01-02","2026-09-25","5198","published observations","Published source values at native frequency; missing values omitted."
"DTWEXEMEGS","Trade-Weighted U.S. Dollar · Emerging Market Economies","Currencies","FX","","Federal Reserve Bank of St. Louis (FRED)","https://fred.stlouisfed.org/series/DTWEXEMEGS","daily","index","2006-01-02","2026-09-25","5198","published observations","Published source values at native frequency; missing values omitted."
"M1SL","M1 Money Stock","Credit","US","United States","Federal Reserve Bank of St. Louis (FRED)","https://fred.stlouisfed.org/series/M1SL","monthly","billions","1959-01-01","2026-08-01","812","published observations","M1 money stock: currency, demand deposits, and other checkable deposits. Seasonally adjusted monthly level. The H.6 definition changed materially in 2020 when savings deposits were added; the pre- and post-2020 observations must be interpreted as a definition-break series, not treated as a seamless splice."
"TOTRESNS","Total Reserves of Depository Institutions","Credit","US","United States","Federal Reserve Bank of St. Louis (FRED)","https://fred.stlouisfed.org/series/TOTRESNS","monthly","billions","1959-01-01","2026-08-01","812","published observations","Total reserves held by depository institutions, not seasonally adjusted; monthly level in billions of dollars."
"H8B1001NCBCMG","Commercial Bank Credit Growth","Credit","US","United States","Federal Reserve Bank of St. Louis (FRED)","https://fred.stlouisfed.org/series/H8B1001NCBCMG","monthly","%","1947-02-01","2026-08-01","955","published observations","Bank credit at all commercial banks reported as percent change at an annual rate; this is already a growth-rate series, not a bank-credit level."
"BUSLOANS","Commercial and Industrial Loans","Credit","US","United States","Federal Reserve Bank of St. Louis (FRED)","https://fred.stlouisfed.org/series/BUSLOANS","monthly","billions","1947-01-01","2026-08-01","956","published observations","Commercial and industrial loans held by all commercial banks; monthly level in billions of U.S. dollars."
"TOTALSL","Total Consumer Credit Owned and Securitized","Credit","US","United States","Federal Reserve Bank of St. Louis (FRED)","https://fred.stlouisfed.org/series/TOTALSL","monthly","millions","1943-01-01","2026-07-01","1003","published observations","Total consumer credit owned and securitized by depository and finance institutions; monthly level in millions of dollars."
"HCCSDODNS","Household Consumer Credit Liabilities","Credit","US","United States","Federal Reserve Bank of St. Louis (FRED)","https://fred.stlouisfed.org/series/HCCSDODNS","quarterly","millions","1945-10-01","2026-04-01","305","published observations","Households and nonprofit organizations consumer-credit liability level from the Financial Accounts; quarterly, in millions of dollars."
"HHMSDODNS","Household Residential Mortgage Liabilities","Credit","US","United States","Federal Reserve Bank of St. Louis (FRED)","https://fred.stlouisfed.org/series/HHMSDODNS","quarterly","millions","1945-10-01","2026-04-01","305","published observations","Households and nonprofit organizations one-to-four-family residential mortgage liability level; quarterly, in millions of dollars."
"NCBDBIQ027S","Nonfinancial Corporate Debt Securities","Credit","US","United States","Federal Reserve Bank of St. Louis (FRED)","https://fred.stlouisfed.org/series/NCBDBIQ027S","quarterly","millions","1945-10-01","2026-04-01","305","published observations","Nonfinancial corporate business debt-securities liability level; quarterly, in millions of dollars. This is a debt-instrument component, not total corporate debt."
"GFDEBTN","Federal Debt: Total Public Debt","Fiscal","US","United States","Federal Reserve Bank of St. Louis (FRED)","https://fred.stlouisfed.org/series/GFDEBTN","quarterly","millions","1966-01-01","2026-01-01","241","published observations","Total public debt outstanding, reported quarterly in millions of dollars. Keep separate from the debt-to-GDP ratio and from daily debt-to-the-penny measures."
"GFDEGDQ188S","Federal Debt: Total Public Debt as Percent of GDP","Fiscal","US","United States","Federal Reserve Bank of St. Louis (FRED)","https://fred.stlouisfed.org/series/GFDEGDQ188S","quarterly","%","1966-01-01","2026-01-01","241","published observations","Total public debt as a percent of gross domestic product; quarterly ratio, not a level and not a splice with GFDEBTN."
"FYFSD","Federal Surplus or Deficit [-]","Fiscal","US","United States","Federal Reserve Bank of St. Louis (FRED)","https://fred.stlouisfed.org/series/FYFSD","annual","millions","1901-06-30","2025-09-30","125","published observations","Federal surplus or deficit, with a negative value denoting a deficit; annual fiscal-year observations are dated to fiscal-year reference dates and can be revised."
"FYFRGDA188S","Federal Receipts as Percent of GDP","Fiscal","US","United States","Federal Reserve Bank of St. Louis (FRED)","https://fred.stlouisfed.org/series/FYFRGDA188S","annual","%","1929-01-01","2025-01-01","97","published observations","Federal receipts divided by GDP, expressed as a percent of GDP; annual observations preserve the source calendar-year frequency."
"FYFSGDA188S","Federal Surplus or Deficit [-] as Percent of GDP","Fiscal","US","United States","Federal Reserve Bank of St. Louis (FRED)","https://fred.stlouisfed.org/series/FYFSGDA188S","annual","%","1929-01-01","2025-01-01","97","published observations","Federal surplus or deficit divided by GDP; negative values indicate deficits, and annual observations are not interpolated to quarters."
"OPHNFB","Nonfarm Business Labor Productivity","Productivity","US","United States","Federal Reserve Bank of St. Louis (FRED)","https://fred.stlouisfed.org/series/OPHNFB","quarterly","index","1947-01-01","2026-04-01","318","published observations","Output per hour for all workers in the nonfarm business sector, index 2017=100; quarterly source index."
"ULCNFB","Nonfarm Business Unit Labor Costs","Productivity","US","United States","Federal Reserve Bank of St. Louis (FRED)","https://fred.stlouisfed.org/series/ULCNFB","quarterly","index","1947-01-01","2026-04-01","318","published observations","Unit labor costs for all workers in the nonfarm business sector, index 2017=100; quarterly source index."
"COMPNFB","Nonfarm Business Hourly Compensation","Productivity","US","United States","Federal Reserve Bank of St. Louis (FRED)","https://fred.stlouisfed.org/series/COMPNFB","quarterly","index","1947-01-01","2026-04-01","318","published observations","Hourly compensation for all workers in the nonfarm business sector, index 2017=100; quarterly source index."
"MPU4900013","Private Business Total Factor Productivity Growth","Productivity","US","United States","Federal Reserve Bank of St. Louis (FRED)","https://fred.stlouisfed.org/series/MPU4900013","annual","%","1988-01-01","2025-01-01","38","published observations","Total factor productivity for the private business sector, reported as percent change from a year earlier; annual source growth rate, not an index level."
"POPTHM","U.S. Population","Demography","US","United States","Federal Reserve Bank of St. Louis (FRED)","https://fred.stlouisfed.org/series/POPTHM","monthly","thousands","1959-01-01","2026-08-01","812","published observations","U.S. population estimate in thousands; monthly source series. It is a demographic denominator, not a labor-force measure."
"LFWA64TTUSM647S","U.S. Working-Age Population, Ages 15–64","Demography","US","United States","Federal Reserve Bank of St. Louis (FRED)","https://fred.stlouisfed.org/series/LFWA64TTUSM647S","monthly","persons","1977-01-01","2026-07-01","595","published observations","Population aged 15 through 64 in persons; monthly OECD series for the United States, retained at its native frequency."
"SPDYNCBRTINUSA","U.S. Crude Birth Rate","Demography","US","United States","Federal Reserve Bank of St. Louis (FRED)","https://fred.stlouisfed.org/series/SPDYNCBRTINUSA","annual","births per 1,000 people","1960-01-01","2024-01-01","65","published observations","Annual live births per 1,000 mid-year population for the United States; World Bank indicator SP.DYN.CBRT.IN."
"SPDYNTFRTINUSA","U.S. Total Fertility Rate","Demography","US","United States","Federal Reserve Bank of St. Louis (FRED)","https://fred.stlouisfed.org/series/SPDYNTFRTINUSA","annual","births per woman","1960-01-01","2024-01-01","65","published observations","Annual total fertility rate for the United States in births per woman; World Bank indicator SP.DYN.TFRT.IN."
"SPDYNLE00INUSA","U.S. Life Expectancy at Birth","Demography","US","United States","Federal Reserve Bank of St. Louis (FRED)","https://fred.stlouisfed.org/series/SPDYNLE00INUSA","annual","years","1960-01-01","2024-01-01","65","published observations","Annual life expectancy at birth for the United States in years; World Bank indicator SP.DYN.LE00.IN."
"SPPOP65UPTOZSWLD","World Population Ages 65 and Above","Demography","Global","","Federal Reserve Bank of St. Louis (FRED)","https://fred.stlouisfed.org/series/SPPOP65UPTOZSWLD","annual","%","1960-01-01","2025-01-01","66","published observations","Share of world population aged 65 and above; annual percentage of total, World Bank indicator SP.POP.65UP.TO.ZS."
"RHORUSQ156N","U.S. Homeownership Rate","Housing","US","United States","Federal Reserve Bank of St. Louis (FRED)","https://fred.stlouisfed.org/series/RHORUSQ156N","quarterly","%","1965-01-01","2026-04-01","246","published observations","Quarterly homeownership rate for the United States; distinct from housing starts, permits, and home-price indexes."
"RRVRUSQ156N","U.S. Rental Vacancy Rate","Housing","US","United States","Federal Reserve Bank of St. Louis (FRED)","https://fred.stlouisfed.org/series/RRVRUSQ156N","quarterly","%","1956-01-01","2026-04-01","282","published observations","Quarterly rental vacancy rate for the United States; a market-tightness measure distinct from the existing price and construction series."
"HOUST5F","Housing Starts in Buildings with 5+ Units","Housing","US","United States","Federal Reserve Bank of St. Louis (FRED)","https://fred.stlouisfed.org/series/HOUST5F","monthly","thousands","1959-01-01","2026-08-01","812","published observations","Monthly privately owned housing units started in buildings with five units or more; multi-family component kept separate from the existing total-starts series."
"EVACANTUSQ176N","U.S. Vacant Housing Units","Housing","US","United States","Federal Reserve Bank of St. Louis (FRED)","https://fred.stlouisfed.org/series/EVACANTUSQ176N","quarterly","thousands","2000-04-01","2026-04-01","105","published observations","Quarterly estimate of vacant housing units in the United States, in thousands; this is an inventory count, not the rental vacancy rate."
"NYGDPMKTPCDWLD","World Gross Domestic Product","Growth","Global","","Federal Reserve Bank of St. Louis (FRED)","https://fred.stlouisfed.org/series/NYGDPMKTPCDWLD","annual","current U.S. dollars","1960-01-01","2025-01-01","66","published observations","World GDP in current U.S. dollars; annual World Bank national-accounts aggregate, not a real or inflation-adjusted output measure."
"CLVMNACSCAB1GQEA19","Real GDP · Euro Area (19 Countries)","Growth","Euro Area","","Federal Reserve Bank of St. Louis (FRED)","https://fred.stlouisfed.org/series/CLVMNACSCAB1GQEA19","quarterly","millions chained 2010 euros","1995-01-01","2026-04-01","126","published observations","Seasonally adjusted real GDP for the euro area (19 countries), quarterly; the aggregate is retained as published and is not assembled from country series."
"CPIUKA","Consumer Price Index · United Kingdom · Millennium Archive","Inflation","United Kingdom","United Kingdom","Federal Reserve Bank of St. Louis (FRED)","https://fred.stlouisfed.org/series/CPIUKA","annual","index","1209-01-01","2016-01-01","808","published observations","Annual U.K. consumer price index, 2015=100, from the Bank of England Millennium historical dataset. No modern CPI observations are spliced onto this archive."
"CPIIUKA","Consumer Price Inflation · United Kingdom · Millennium Archive","Inflation","United Kingdom","United Kingdom","Federal Reserve Bank of St. Louis (FRED)","https://fred.stlouisfed.org/series/CPIIUKA","annual","%","1210-01-01","2016-01-01","807","published observations","Annual U.K. consumer price inflation rate from the Bank of England Millennium historical dataset. This is a published rate and is not reconstructed from the CPIUKA level series."
"BOERUKA","Bank of England Policy Rate · Millennium Archive","Rates","United Kingdom","United Kingdom","Federal Reserve Bank of St. Louis (FRED)","https://fred.stlouisfed.org/series/BOERUKA","annual","%","1694-01-01","2016-01-01","323","published observations","Annual Bank of England policy rate in percent, from the Millennium historical dataset; source conventions and historical regime changes are retained as published."
"RGDPMPUKA","Real GDP at Market Prices · United Kingdom · Millennium Archive","Growth","United Kingdom","United Kingdom","Federal Reserve Bank of St. Louis (FRED)","https://fred.stlouisfed.org/series/RGDPMPUKA","annual","millions local currency","1700-01-01","2016-01-01","317","published observations","Annual U.K. real GDP at market prices in millions of chained 2013 British pounds, from the Millennium historical dataset. No country-series splice is performed."
"LTCYUKA","Consol Long-Term Bond Yield · United Kingdom · Millennium Archive","Rates","United Kingdom","United Kingdom","Federal Reserve Bank of St. Louis (FRED)","https://fred.stlouisfed.org/series/LTCYUKA","annual","%","1703-01-01","2016-01-01","314","published observations","Annual U.K. consol (long-term bond) yield in percent from the Millennium historical dataset; historical instrument conventions are retained as published."
"GDPCA","Real Gross Domestic Product · Annual Long History","Growth","US","United States","Federal Reserve Bank of St. Louis (FRED)","https://fred.stlouisfed.org/series/GDPCA","annual","billions","1929-01-01","2025-01-01","97","published observations","Annual real GDP in billions of chained 2017 dollars, beginning in 1929. This is a separate annual source series and must not be spliced into the existing quarterly GDPC1 observations."
"GNPCA","Real Gross National Product · Annual Long History","Growth","US","United States","Federal Reserve Bank of St. Louis (FRED)","https://fred.stlouisfed.org/series/GNPCA","annual","billions","1929-01-01","2025-01-01","97","published observations","Annual real gross national product in billions of chained 2017 dollars, beginning in 1929; GNP is not GDP and should remain separately labeled."
"A191RL1A225NBEA","Real GDP Growth · Annual Long History","Growth","US","United States","Federal Reserve Bank of St. Louis (FRED)","https://fred.stlouisfed.org/series/A191RL1A225NBEA","annual","%","1930-01-01","2025-01-01","96","published observations","Real GDP percent change from the preceding period, annual; this is a published growth-rate series, not a second reconstructed level series."
"M0892AUSM156SNBR","U.S. Unemployment Rate · NBER Historical Archive","Labor","US","United States","Federal Reserve Bank of St. Louis (FRED)","https://fred.stlouisfed.org/series/M0892AUSM156SNBR","monthly","%","1929-04-01","1942-06-01","159","published observations","Historical U.S. unemployment rate from the National Industrial Conference Board series published by G.H. Moore in Business Cycle Indicators; archival observations are kept separate from the modern BLS UNRATE definition."
"SHILLER_HOME_REAL","U.S. real home prices · long-run annual history","Housing","US","United States","Robert J. Shiller","https://shillerdata.com/","annual","index","1890-12-31","2025-12-31","136","research_reconstruction","Shiller's linked house-price research index: annual observations before 1953; arithmetic mean of all twelve monthly observations thereafter. Incomplete years are excluded. Historical source indexes are combined by the author. These are house-price indexes, not investment returns; no rent, maintenance, financing or transaction costs are included. Annual dates are year-end reference labels."
"SHILLER_HOME_NOMINAL","U.S. nominal home prices · long-run annual history","Housing","US","United States","Robert J. Shiller","https://shillerdata.com/","annual","index","1890-12-31","2025-12-31","136","research_reconstruction","Shiller's linked house-price research index: annual observations before 1953; arithmetic mean of all twelve monthly observations thereafter. Incomplete years are excluded. Historical source indexes are combined by the author. These are house-price indexes, not investment returns; no rent, maintenance, financing or transaction costs are included. Annual dates are year-end reference labels."
"WB_CMD_CRUDE_OIL_AVERAGE","World Bank · Crude oil, average","Commodities","Global","","World Bank Commodity Price Data (The Pink Sheet)","https://thedocs.worldbank.org/en/doc/74e8be41ceb20fa0da750cda2f6b9e4e-0050012026/related/CMO-Historical-Data-Monthly.xlsx","monthly","($/bbl)","1960-01-01","2026-08-01","800","observed_public","World Bank Pink Sheet monthly nominal benchmark price in the source unit. The source reports monthly averages, not end-of-month closes; this is a price level with no dividend, financing, storage, or total-return adjustment. Benchmark definitions and delivery bases may change through time; consult the workbook Description sheet."
"WB_CMD_CRUDE_OIL_BRENT","World Bank · Crude oil, Brent","Commodities","Global","","World Bank Commodity Price Data (The Pink Sheet)","https://thedocs.worldbank.org/en/doc/74e8be41ceb20fa0da750cda2f6b9e4e-0050012026/related/CMO-Historical-Data-Monthly.xlsx","monthly","($/bbl)","1960-01-01","2026-08-01","800","observed_public","World Bank Pink Sheet monthly nominal benchmark price in the source unit. The source reports monthly averages, not end-of-month closes; this is a price level with no dividend, financing, storage, or total-return adjustment. Benchmark definitions and delivery bases may change through time; consult the workbook Description sheet."
"WB_CMD_CRUDE_OIL_DUBAI","World Bank · Crude oil, Dubai","Commodities","Global","","World Bank Commodity Price Data (The Pink Sheet)","https://thedocs.worldbank.org/en/doc/74e8be41ceb20fa0da750cda2f6b9e4e-0050012026/related/CMO-Historical-Data-Monthly.xlsx","monthly","($/bbl)","1960-01-01","2026-08-01","800","observed_public","World Bank Pink Sheet monthly nominal benchmark price in the source unit. The source reports monthly averages, not end-of-month closes; this is a price level with no dividend, financing, storage, or total-return adjustment. Benchmark definitions and delivery bases may change through time; consult the workbook Description sheet."
"WB_CMD_CRUDE_OIL_WTI","World Bank · Crude oil, WTI","Commodities","Global","","World Bank Commodity Price Data (The Pink Sheet)","https://thedocs.worldbank.org/en/doc/74e8be41ceb20fa0da750cda2f6b9e4e-0050012026/related/CMO-Historical-Data-Monthly.xlsx","monthly","($/bbl)","1982-01-01","2026-08-01","536","observed_public","World Bank Pink Sheet monthly nominal benchmark price in the source unit. The source reports monthly averages, not end-of-month closes; this is a price level with no dividend, financing, storage, or total-return adjustment. Benchmark definitions and delivery bases may change through time; consult the workbook Description sheet."
"WB_CMD_COAL_AUSTRALIAN","World Bank · Coal, Australian","Commodities","Global","","World Bank Commodity Price Data (The Pink Sheet)","https://thedocs.worldbank.org/en/doc/74e8be41ceb20fa0da750cda2f6b9e4e-0050012026/related/CMO-Historical-Data-Monthly.xlsx","monthly","($/mt)","1970-01-01","2026-08-01","680","observed_public","World Bank Pink Sheet monthly nominal benchmark price in the source unit. The source reports monthly averages, not end-of-month closes; this is a price level with no dividend, financing, storage, or total-return adjustment. Benchmark definitions and delivery bases may change through time; consult the workbook Description sheet."
"WB_CMD_COAL_SOUTH_AFRICAN","World Bank · Coal, South African","Commodities","Global","","World Bank Commodity Price Data (The Pink Sheet)","https://thedocs.worldbank.org/en/doc/74e8be41ceb20fa0da750cda2f6b9e4e-0050012026/related/CMO-Historical-Data-Monthly.xlsx","monthly","($/mt)","1984-01-01","2026-08-01","512","observed_public","World Bank Pink Sheet monthly nominal benchmark price in the source unit. The source reports monthly averages, not end-of-month closes; this is a price level with no dividend, financing, storage, or total-return adjustment. Benchmark definitions and delivery bases may change through time; consult the workbook Description sheet."
"WB_CMD_NATURAL_GAS_US","World Bank · Natural gas, US","Commodities","Global","","World Bank Commodity Price Data (The Pink Sheet)","https://thedocs.worldbank.org/en/doc/74e8be41ceb20fa0da750cda2f6b9e4e-0050012026/related/CMO-Historical-Data-Monthly.xlsx","monthly","($/mmbtu)","1960-01-01","2026-08-01","800","observed_public","World Bank Pink Sheet monthly nominal benchmark price in the source unit. The source reports monthly averages, not end-of-month closes; this is a price level with no dividend, financing, storage, or total-return adjustment. Benchmark definitions and delivery bases may change through time; consult the workbook Description sheet."
"WB_CMD_NATURAL_GAS_EUROPE","World Bank · Natural gas, Europe","Commodities","Global","","World Bank Commodity Price Data (The Pink Sheet)","https://thedocs.worldbank.org/en/doc/74e8be41ceb20fa0da750cda2f6b9e4e-0050012026/related/CMO-Historical-Data-Monthly.xlsx","monthly","($/mmbtu)","1960-01-01","2026-08-01","800","observed_public","World Bank Pink Sheet monthly nominal benchmark price in the source unit. The source reports monthly averages, not end-of-month closes; this is a price level with no dividend, financing, storage, or total-return adjustment. Benchmark definitions and delivery bases may change through time; consult the workbook Description sheet."
"WB_CMD_LIQUEFIED_NATURAL_GAS_JAPAN","World Bank · Liquefied natural gas, Japan","Commodities","Global","","World Bank Commodity Price Data (The Pink Sheet)","https://thedocs.worldbank.org/en/doc/74e8be41ceb20fa0da750cda2f6b9e4e-0050012026/related/CMO-Historical-Data-Monthly.xlsx","monthly","($/mmbtu)","1977-01-01","2026-08-01","596","observed_public","World Bank Pink Sheet monthly nominal benchmark price in the source unit. The source reports monthly averages, not end-of-month closes; this is a price level with no dividend, financing, storage, or total-return adjustment. Benchmark definitions and delivery bases may change through time; consult the workbook Description sheet."
"WB_CMD_NATURAL_GAS_INDEX","World Bank · Natural gas index","Commodities","Global","","World Bank Commodity Price Data (The Pink Sheet)","https://thedocs.worldbank.org/en/doc/74e8be41ceb20fa0da750cda2f6b9e4e-0050012026/related/CMO-Historical-Data-Monthly.xlsx","monthly","(2010=100)","1977-01-01","2026-08-01","596","observed_public","World Bank Pink Sheet monthly nominal benchmark price in the source unit. The source reports monthly averages, not end-of-month closes; this is a price level with no dividend, financing, storage, or total-return adjustment. Benchmark definitions and delivery bases may change through time; consult the workbook Description sheet."
"WB_CMD_COCOA","World Bank · Cocoa","Commodities","Global","","World Bank Commodity Price Data (The Pink Sheet)","https://thedocs.worldbank.org/en/doc/74e8be41ceb20fa0da750cda2f6b9e4e-0050012026/related/CMO-Historical-Data-Monthly.xlsx","monthly","($/kg)","1960-01-01","2026-08-01","800","observed_public","World Bank Pink Sheet monthly nominal benchmark price in the source unit. The source reports monthly averages, not end-of-month closes; this is a price level with no dividend, financing, storage, or total-return adjustment. Benchmark definitions and delivery bases may change through time; consult the workbook Description sheet."
"WB_CMD_COFFEE_ARABICA","World Bank · Coffee, Arabica","Commodities","Global","","World Bank Commodity Price Data (The Pink Sheet)","https://thedocs.worldbank.org/en/doc/74e8be41ceb20fa0da750cda2f6b9e4e-0050012026/related/CMO-Historical-Data-Monthly.xlsx","monthly","($/kg)","1960-01-01","2026-08-01","800","observed_public","World Bank Pink Sheet monthly nominal benchmark price in the source unit. The source reports monthly averages, not end-of-month closes; this is a price level with no dividend, financing, storage, or total-return adjustment. Benchmark definitions and delivery bases may change through time; consult the workbook Description sheet."
"WB_CMD_COFFEE_ROBUSTA","World Bank · Coffee, Robusta","Commodities","Global","","World Bank Commodity Price Data (The Pink Sheet)","https://thedocs.worldbank.org/en/doc/74e8be41ceb20fa0da750cda2f6b9e4e-0050012026/related/CMO-Historical-Data-Monthly.xlsx","monthly","($/kg)","1960-01-01","2026-08-01","800","observed_public","World Bank Pink Sheet monthly nominal benchmark price in the source unit. The source reports monthly averages, not end-of-month closes; this is a price level with no dividend, financing, storage, or total-return adjustment. Benchmark definitions and delivery bases may change through time; consult the workbook Description sheet."
"WB_CMD_TEA_AVG_3_AUCTIONS","World Bank · Tea, avg 3 auctions","Commodities","Global","","World Bank Commodity Price Data (The Pink Sheet)","https://thedocs.worldbank.org/en/doc/74e8be41ceb20fa0da750cda2f6b9e4e-0050012026/related/CMO-Historical-Data-Monthly.xlsx","monthly","($/kg)","1960-01-01","2026-08-01","800","observed_public","World Bank Pink Sheet monthly nominal benchmark price in the source unit. The source reports monthly averages, not end-of-month closes; this is a price level with no dividend, financing, storage, or total-return adjustment. Benchmark definitions and delivery bases may change through time; consult the workbook Description sheet."
"WB_CMD_TEA_COLOMBO","World Bank · Tea, Colombo","Commodities","Global","","World Bank Commodity Price Data (The Pink Sheet)","https://thedocs.worldbank.org/en/doc/74e8be41ceb20fa0da750cda2f6b9e4e-0050012026/related/CMO-Historical-Data-Monthly.xlsx","monthly","($/kg)","1960-01-01","2026-08-01","800","observed_public","World Bank Pink Sheet monthly nominal benchmark price in the source unit. The source reports monthly averages, not end-of-month closes; this is a price level with no dividend, financing, storage, or total-return adjustment. Benchmark definitions and delivery bases may change through time; consult the workbook Description sheet."
"WB_CMD_TEA_KOLKATA","World Bank · Tea, Kolkata","Commodities","Global","","World Bank Commodity Price Data (The Pink Sheet)","https://thedocs.worldbank.org/en/doc/74e8be41ceb20fa0da750cda2f6b9e4e-0050012026/related/CMO-Historical-Data-Monthly.xlsx","monthly","($/kg)","1960-01-01","2026-08-01","800","observed_public","World Bank Pink Sheet monthly nominal benchmark price in the source unit. The source reports monthly averages, not end-of-month closes; this is a price level with no dividend, financing, storage, or total-return adjustment. Benchmark definitions and delivery bases may change through time; consult the workbook Description sheet."
"WB_CMD_TEA_MOMBASA","World Bank · Tea, Mombasa","Commodities","Global","","World Bank Commodity Price Data (The Pink Sheet)","https://thedocs.worldbank.org/en/doc/74e8be41ceb20fa0da750cda2f6b9e4e-0050012026/related/CMO-Historical-Data-Monthly.xlsx","monthly","($/kg)","1960-01-01","2026-08-01","800","observed_public","World Bank Pink Sheet monthly nominal benchmark price in the source unit. The source reports monthly averages, not end-of-month closes; this is a price level with no dividend, financing, storage, or total-return adjustment. Benchmark definitions and delivery bases may change through time; consult the workbook Description sheet."
"WB_CMD_COCONUT_OIL","World Bank · Coconut oil","Commodities","Global","","World Bank Commodity Price Data (The Pink Sheet)","https://thedocs.worldbank.org/en/doc/74e8be41ceb20fa0da750cda2f6b9e4e-0050012026/related/CMO-Historical-Data-Monthly.xlsx","monthly","($/mt)","1960-01-01","2026-08-01","800","observed_public","World Bank Pink Sheet monthly nominal benchmark price in the source unit. The source reports monthly averages, not end-of-month closes; this is a price level with no dividend, financing, storage, or total-return adjustment. Benchmark definitions and delivery bases may change through time; consult the workbook Description sheet."
"WB_CMD_GROUNDNUTS","World Bank · Groundnuts","Commodities","Global","","World Bank Commodity Price Data (The Pink Sheet)","https://thedocs.worldbank.org/en/doc/74e8be41ceb20fa0da750cda2f6b9e4e-0050012026/related/CMO-Historical-Data-Monthly.xlsx","monthly","($/mt)","1980-01-01","2026-08-01","560","observed_public","World Bank Pink Sheet monthly nominal benchmark price in the source unit. The source reports monthly averages, not end-of-month closes; this is a price level with no dividend, financing, storage, or total-return adjustment. Benchmark definitions and delivery bases may change through time; consult the workbook Description sheet."
"WB_CMD_FISH_MEAL","World Bank · Fish meal","Commodities","Global","","World Bank Commodity Price Data (The Pink Sheet)","https://thedocs.worldbank.org/en/doc/74e8be41ceb20fa0da750cda2f6b9e4e-0050012026/related/CMO-Historical-Data-Monthly.xlsx","monthly","($/mt)","1979-01-01","2026-08-01","572","observed_public","World Bank Pink Sheet monthly nominal benchmark price in the source unit. The source reports monthly averages, not end-of-month closes; this is a price level with no dividend, financing, storage, or total-return adjustment. Benchmark definitions and delivery bases may change through time; consult the workbook Description sheet."
"WB_CMD_GROUNDNUT_OIL","World Bank · Groundnut oil","Commodities","Global","","World Bank Commodity Price Data (The Pink Sheet)","https://thedocs.worldbank.org/en/doc/74e8be41ceb20fa0da750cda2f6b9e4e-0050012026/related/CMO-Historical-Data-Monthly.xlsx","monthly","($/mt)","1960-01-01","2026-08-01","800","observed_public","World Bank Pink Sheet monthly nominal benchmark price in the source unit. The source reports monthly averages, not end-of-month closes; this is a price level with no dividend, financing, storage, or total-return adjustment. Benchmark definitions and delivery bases may change through time; consult the workbook Description sheet."
"WB_CMD_PALM_OIL","World Bank · Palm oil","Commodities","Global","","World Bank Commodity Price Data (The Pink Sheet)","https://thedocs.worldbank.org/en/doc/74e8be41ceb20fa0da750cda2f6b9e4e-0050012026/related/CMO-Historical-Data-Monthly.xlsx","monthly","($/mt)","1960-01-01","2026-08-01","800","observed_public","World Bank Pink Sheet monthly nominal benchmark price in the source unit. The source reports monthly averages, not end-of-month closes; this is a price level with no dividend, financing, storage, or total-return adjustment. Benchmark definitions and delivery bases may change through time; consult the workbook Description sheet."
"WB_CMD_PALM_KERNEL_OIL","World Bank · Palm kernel oil","Commodities","Global","","World Bank Commodity Price Data (The Pink Sheet)","https://thedocs.worldbank.org/en/doc/74e8be41ceb20fa0da750cda2f6b9e4e-0050012026/related/CMO-Historical-Data-Monthly.xlsx","monthly","($/mt)","1996-01-01","2026-08-01","368","observed_public","World Bank Pink Sheet monthly nominal benchmark price in the source unit. The source reports monthly averages, not end-of-month closes; this is a price level with no dividend, financing, storage, or total-return adjustment. Benchmark definitions and delivery bases may change through time; consult the workbook Description sheet."
"WB_CMD_SOYBEANS","World Bank · Soybeans","Commodities","Global","","World Bank Commodity Price Data (The Pink Sheet)","https://thedocs.worldbank.org/en/doc/74e8be41ceb20fa0da750cda2f6b9e4e-0050012026/related/CMO-Historical-Data-Monthly.xlsx","monthly","($/mt)","1960-01-01","2026-08-01","800","observed_public","World Bank Pink Sheet monthly nominal benchmark price in the source unit. The source reports monthly averages, not end-of-month closes; this is a price level with no dividend, financing, storage, or total-return adjustment. Benchmark definitions and delivery bases may change through time; consult the workbook Description sheet."
"WB_CMD_SOYBEAN_OIL","World Bank · Soybean oil","Commodities","Global","","World Bank Commodity Price Data (The Pink Sheet)","https://thedocs.worldbank.org/en/doc/74e8be41ceb20fa0da750cda2f6b9e4e-0050012026/related/CMO-Historical-Data-Monthly.xlsx","monthly","($/mt)","1960-01-01","2026-08-01","800","observed_public","World Bank Pink Sheet monthly nominal benchmark price in the source unit. The source reports monthly averages, not end-of-month closes; this is a price level with no dividend, financing, storage, or total-return adjustment. Benchmark definitions and delivery bases may change through time; consult the workbook Description sheet."
"WB_CMD_SOYBEAN_MEAL","World Bank · Soybean meal","Commodities","Global","","World Bank Commodity Price Data (The Pink Sheet)","https://thedocs.worldbank.org/en/doc/74e8be41ceb20fa0da750cda2f6b9e4e-0050012026/related/CMO-Historical-Data-Monthly.xlsx","monthly","($/mt)","1960-01-01","2026-08-01","800","observed_public","World Bank Pink Sheet monthly nominal benchmark price in the source unit. The source reports monthly averages, not end-of-month closes; this is a price level with no dividend, financing, storage, or total-return adjustment. Benchmark definitions and delivery bases may change through time; consult the workbook Description sheet."
"WB_CMD_RAPESEED_OIL","World Bank · Rapeseed oil","Commodities","Global","","World Bank Commodity Price Data (The Pink Sheet)","https://thedocs.worldbank.org/en/doc/74e8be41ceb20fa0da750cda2f6b9e4e-0050012026/related/CMO-Historical-Data-Monthly.xlsx","monthly","($/mt)","2002-02-01","2026-08-01","295","observed_public","World Bank Pink Sheet monthly nominal benchmark price in the source unit. The source reports monthly averages, not end-of-month closes; this is a price level with no dividend, financing, storage, or total-return adjustment. Benchmark definitions and delivery bases may change through time; consult the workbook Description sheet."
"WB_CMD_SUNFLOWER_OIL","World Bank · Sunflower oil","Commodities","Global","","World Bank Commodity Price Data (The Pink Sheet)","https://thedocs.worldbank.org/en/doc/74e8be41ceb20fa0da750cda2f6b9e4e-0050012026/related/CMO-Historical-Data-Monthly.xlsx","monthly","($/mt)","2002-02-01","2026-08-01","290","observed_public","World Bank Pink Sheet monthly nominal benchmark price in the source unit. The source reports monthly averages, not end-of-month closes; this is a price level with no dividend, financing, storage, or total-return adjustment. Benchmark definitions and delivery bases may change through time; consult the workbook Description sheet."
"WB_CMD_BARLEY","World Bank · Barley","Commodities","Global","","World Bank Commodity Price Data (The Pink Sheet)","https://thedocs.worldbank.org/en/doc/74e8be41ceb20fa0da750cda2f6b9e4e-0050012026/related/CMO-Historical-Data-Monthly.xlsx","monthly","($/mt)","1960-01-01","2020-08-01","728","observed_public","World Bank Pink Sheet monthly nominal benchmark price in the source unit. The source reports monthly averages, not end-of-month closes; this is a price level with no dividend, financing, storage, or total-return adjustment. Benchmark definitions and delivery bases may change through time; consult the workbook Description sheet."
"WB_CMD_MAIZE","World Bank · Maize","Commodities","Global","","World Bank Commodity Price Data (The Pink Sheet)","https://thedocs.worldbank.org/en/doc/74e8be41ceb20fa0da750cda2f6b9e4e-0050012026/related/CMO-Historical-Data-Monthly.xlsx","monthly","($/mt)","1960-01-01","2026-08-01","800","observed_public","World Bank Pink Sheet monthly nominal benchmark price in the source unit. The source reports monthly averages, not end-of-month closes; this is a price level with no dividend, financing, storage, or total-return adjustment. Benchmark definitions and delivery bases may change through time; consult the workbook Description sheet."
"WB_CMD_SORGHUM","World Bank · Sorghum","Commodities","Global","","World Bank Commodity Price Data (The Pink Sheet)","https://thedocs.worldbank.org/en/doc/74e8be41ceb20fa0da750cda2f6b9e4e-0050012026/related/CMO-Historical-Data-Monthly.xlsx","monthly","($/mt)","1960-01-01","2020-08-01","728","observed_public","World Bank Pink Sheet monthly nominal benchmark price in the source unit. The source reports monthly averages, not end-of-month closes; this is a price level with no dividend, financing, storage, or total-return adjustment. Benchmark definitions and delivery bases may change through time; consult the workbook Description sheet."
"WB_CMD_RICE_THAI_5","World Bank · Rice, Thai 5%","Commodities","Global","","World Bank Commodity Price Data (The Pink Sheet)","https://thedocs.worldbank.org/en/doc/74e8be41ceb20fa0da750cda2f6b9e4e-0050012026/related/CMO-Historical-Data-Monthly.xlsx","monthly","($/mt)","1960-01-01","2026-08-01","800","observed_public","World Bank Pink Sheet monthly nominal benchmark price in the source unit. The source reports monthly averages, not end-of-month closes; this is a price level with no dividend, financing, storage, or total-return adjustment. Benchmark definitions and delivery bases may change through time; consult the workbook Description sheet."
"WB_CMD_RICE_THAI_25","World Bank · Rice, Thai 25%","Commodities","Global","","World Bank Commodity Price Data (The Pink Sheet)","https://thedocs.worldbank.org/en/doc/74e8be41ceb20fa0da750cda2f6b9e4e-0050012026/related/CMO-Historical-Data-Monthly.xlsx","monthly","($/mt)","1986-01-01","2026-08-01","484","observed_public","World Bank Pink Sheet monthly nominal benchmark price in the source unit. The source reports monthly averages, not end-of-month closes; this is a price level with no dividend, financing, storage, or total-return adjustment. Benchmark definitions and delivery bases may change through time; consult the workbook Description sheet."
"WB_CMD_RICE_THAI_A_1","World Bank · Rice, Thai A.1","Commodities","Global","","World Bank Commodity Price Data (The Pink Sheet)","https://thedocs.worldbank.org/en/doc/74e8be41ceb20fa0da750cda2f6b9e4e-0050012026/related/CMO-Historical-Data-Monthly.xlsx","monthly","($/mt)","1986-01-01","2026-08-01","488","observed_public","World Bank Pink Sheet monthly nominal benchmark price in the source unit. The source reports monthly averages, not end-of-month closes; this is a price level with no dividend, financing, storage, or total-return adjustment. Benchmark definitions and delivery bases may change through time; consult the workbook Description sheet."
"WB_CMD_RICE_VIET_NAMESE_5","World Bank · Rice, Viet Namese 5%","Commodities","Global","","World Bank Commodity Price Data (The Pink Sheet)","https://thedocs.worldbank.org/en/doc/74e8be41ceb20fa0da750cda2f6b9e4e-0050012026/related/CMO-Historical-Data-Monthly.xlsx","monthly","($/mt)","2003-12-01","2026-08-01","262","observed_public","World Bank Pink Sheet monthly nominal benchmark price in the source unit. The source reports monthly averages, not end-of-month closes; this is a price level with no dividend, financing, storage, or total-return adjustment. Benchmark definitions and delivery bases may change through time; consult the workbook Description sheet."
"WB_CMD_WHEAT_US_SRW","World Bank · Wheat, US SRW","Commodities","Global","","World Bank Commodity Price Data (The Pink Sheet)","https://thedocs.worldbank.org/en/doc/74e8be41ceb20fa0da750cda2f6b9e4e-0050012026/related/CMO-Historical-Data-Monthly.xlsx","monthly","($/mt)","1979-01-01","2026-08-01","572","observed_public","World Bank Pink Sheet monthly nominal benchmark price in the source unit. The source reports monthly averages, not end-of-month closes; this is a price level with no dividend, financing, storage, or total-return adjustment. Benchmark definitions and delivery bases may change through time; consult the workbook Description sheet."
"WB_CMD_WHEAT_US_HRW","World Bank · Wheat, US HRW","Commodities","Global","","World Bank Commodity Price Data (The Pink Sheet)","https://thedocs.worldbank.org/en/doc/74e8be41ceb20fa0da750cda2f6b9e4e-0050012026/related/CMO-Historical-Data-Monthly.xlsx","monthly","($/mt)","1960-01-01","2026-08-01","800","observed_public","World Bank Pink Sheet monthly nominal benchmark price in the source unit. The source reports monthly averages, not end-of-month closes; this is a price level with no dividend, financing, storage, or total-return adjustment. Benchmark definitions and delivery bases may change through time; consult the workbook Description sheet."
"WB_CMD_BANANA_EUROPE","World Bank · Banana, Europe","Commodities","Global","","World Bank Commodity Price Data (The Pink Sheet)","https://thedocs.worldbank.org/en/doc/74e8be41ceb20fa0da750cda2f6b9e4e-0050012026/related/CMO-Historical-Data-Monthly.xlsx","monthly","($/kg)","1997-01-01","2026-08-01","356","observed_public","World Bank Pink Sheet monthly nominal benchmark price in the source unit. The source reports monthly averages, not end-of-month closes; this is a price level with no dividend, financing, storage, or total-return adjustment. Benchmark definitions and delivery bases may change through time; consult the workbook Description sheet."
"WB_CMD_BANANA_US","World Bank · Banana, US","Commodities","Global","","World Bank Commodity Price Data (The Pink Sheet)","https://thedocs.worldbank.org/en/doc/74e8be41ceb20fa0da750cda2f6b9e4e-0050012026/related/CMO-Historical-Data-Monthly.xlsx","monthly","($/kg)","1960-01-01","2026-08-01","800","observed_public","World Bank Pink Sheet monthly nominal benchmark price in the source unit. The source reports monthly averages, not end-of-month closes; this is a price level with no dividend, financing, storage, or total-return adjustment. Benchmark definitions and delivery bases may change through time; consult the workbook Description sheet."
"WB_CMD_ORANGE","World Bank · Orange","Commodities","Global","","World Bank Commodity Price Data (The Pink Sheet)","https://thedocs.worldbank.org/en/doc/74e8be41ceb20fa0da750cda2f6b9e4e-0050012026/related/CMO-Historical-Data-Monthly.xlsx","monthly","($/kg)","1960-01-01","2026-08-01","800","observed_public","World Bank Pink Sheet monthly nominal benchmark price in the source unit. The source reports monthly averages, not end-of-month closes; this is a price level with no dividend, financing, storage, or total-return adjustment. Benchmark definitions and delivery bases may change through time; consult the workbook Description sheet."
"WB_CMD_BEEF","World Bank · Beef","Commodities","Global","","World Bank Commodity Price Data (The Pink Sheet)","https://thedocs.worldbank.org/en/doc/74e8be41ceb20fa0da750cda2f6b9e4e-0050012026/related/CMO-Historical-Data-Monthly.xlsx","monthly","($/kg)","1960-01-01","2026-08-01","800","observed_public","World Bank Pink Sheet monthly nominal benchmark price in the source unit. The source reports monthly averages, not end-of-month closes; this is a price level with no dividend, financing, storage, or total-return adjustment. Benchmark definitions and delivery bases may change through time; consult the workbook Description sheet."
"WB_CMD_CHICKEN","World Bank · Chicken","Commodities","Global","","World Bank Commodity Price Data (The Pink Sheet)","https://thedocs.worldbank.org/en/doc/74e8be41ceb20fa0da750cda2f6b9e4e-0050012026/related/CMO-Historical-Data-Monthly.xlsx","monthly","($/kg)","1960-01-01","2026-08-01","800","observed_public","World Bank Pink Sheet monthly nominal benchmark price in the source unit. The source reports monthly averages, not end-of-month closes; this is a price level with no dividend, financing, storage, or total-return adjustment. Benchmark definitions and delivery bases may change through time; consult the workbook Description sheet."
"WB_CMD_LAMB","World Bank · Lamb","Commodities","Global","","World Bank Commodity Price Data (The Pink Sheet)","https://thedocs.worldbank.org/en/doc/74e8be41ceb20fa0da750cda2f6b9e4e-0050012026/related/CMO-Historical-Data-Monthly.xlsx","monthly","($/kg)","1971-01-01","2026-08-01","668","observed_public","World Bank Pink Sheet monthly nominal benchmark price in the source unit. The source reports monthly averages, not end-of-month closes; this is a price level with no dividend, financing, storage, or total-return adjustment. Benchmark definitions and delivery bases may change through time; consult the workbook Description sheet."
"WB_CMD_SHRIMPS_MEXICAN","World Bank · Shrimps, Mexican","Commodities","Global","","World Bank Commodity Price Data (The Pink Sheet)","https://thedocs.worldbank.org/en/doc/74e8be41ceb20fa0da750cda2f6b9e4e-0050012026/related/CMO-Historical-Data-Monthly.xlsx","monthly","($/kg)","1960-01-01","2023-10-01","766","observed_public","World Bank Pink Sheet monthly nominal benchmark price in the source unit. The source reports monthly averages, not end-of-month closes; this is a price level with no dividend, financing, storage, or total-return adjustment. Benchmark definitions and delivery bases may change through time; consult the workbook Description sheet."
"WB_CMD_SUGAR_EU","World Bank · Sugar, EU","Commodities","Global","","World Bank Commodity Price Data (The Pink Sheet)","https://thedocs.worldbank.org/en/doc/74e8be41ceb20fa0da750cda2f6b9e4e-0050012026/related/CMO-Historical-Data-Monthly.xlsx","monthly","($/kg)","1960-01-01","2026-08-01","800","observed_public","World Bank Pink Sheet monthly nominal benchmark price in the source unit. The source reports monthly averages, not end-of-month closes; this is a price level with no dividend, financing, storage, or total-return adjustment. Benchmark definitions and delivery bases may change through time; consult the workbook Description sheet."
"WB_CMD_SUGAR_US","World Bank · Sugar, US","Commodities","Global","","World Bank Commodity Price Data (The Pink Sheet)","https://thedocs.worldbank.org/en/doc/74e8be41ceb20fa0da750cda2f6b9e4e-0050012026/related/CMO-Historical-Data-Monthly.xlsx","monthly","($/kg)","1960-01-01","2026-08-01","800","observed_public","World Bank Pink Sheet monthly nominal benchmark price in the source unit. The source reports monthly averages, not end-of-month closes; this is a price level with no dividend, financing, storage, or total-return adjustment. Benchmark definitions and delivery bases may change through time; consult the workbook Description sheet."
"WB_CMD_SUGAR_WORLD","World Bank · Sugar, world","Commodities","Global","","World Bank Commodity Price Data (The Pink Sheet)","https://thedocs.worldbank.org/en/doc/74e8be41ceb20fa0da750cda2f6b9e4e-0050012026/related/CMO-Historical-Data-Monthly.xlsx","monthly","($/kg)","1960-01-01","2026-08-01","800","observed_public","World Bank Pink Sheet monthly nominal benchmark price in the source unit. The source reports monthly averages, not end-of-month closes; this is a price level with no dividend, financing, storage, or total-return adjustment. Benchmark definitions and delivery bases may change through time; consult the workbook Description sheet."
"WB_CMD_TOBACCO_US_IMPORT_U_V","World Bank · Tobacco, US import u.v.","Commodities","Global","","World Bank Commodity Price Data (The Pink Sheet)","https://thedocs.worldbank.org/en/doc/74e8be41ceb20fa0da750cda2f6b9e4e-0050012026/related/CMO-Historical-Data-Monthly.xlsx","monthly","($/mt)","1960-01-01","2026-06-01","798","observed_public","World Bank Pink Sheet monthly nominal benchmark price in the source unit. The source reports monthly averages, not end-of-month closes; this is a price level with no dividend, financing, storage, or total-return adjustment. Benchmark definitions and delivery bases may change through time; consult the workbook Description sheet."
"WB_CMD_LOGS_CAMEROON","World Bank · Logs, Cameroon","Commodities","Global","","World Bank Commodity Price Data (The Pink Sheet)","https://thedocs.worldbank.org/en/doc/74e8be41ceb20fa0da750cda2f6b9e4e-0050012026/related/CMO-Historical-Data-Monthly.xlsx","monthly","($/cubic meter)","1970-01-01","2026-08-01","680","observed_public","World Bank Pink Sheet monthly nominal benchmark price in the source unit. The source reports monthly averages, not end-of-month closes; this is a price level with no dividend, financing, storage, or total-return adjustment. Benchmark definitions and delivery bases may change through time; consult the workbook Description sheet."
"WB_CMD_LOGS_MALAYSIAN","World Bank · Logs, Malaysian","Commodities","Global","","World Bank Commodity Price Data (The Pink Sheet)","https://thedocs.worldbank.org/en/doc/74e8be41ceb20fa0da750cda2f6b9e4e-0050012026/related/CMO-Historical-Data-Monthly.xlsx","monthly","($/cubic meter)","1960-01-01","2026-08-01","800","observed_public","World Bank Pink Sheet monthly nominal benchmark price in the source unit. The source reports monthly averages, not end-of-month closes; this is a price level with no dividend, financing, storage, or total-return adjustment. Benchmark definitions and delivery bases may change through time; consult the workbook Description sheet."
"WB_CMD_SAWNWOOD_CAMEROON","World Bank · Sawnwood, Cameroon","Commodities","Global","","World Bank Commodity Price Data (The Pink Sheet)","https://thedocs.worldbank.org/en/doc/74e8be41ceb20fa0da750cda2f6b9e4e-0050012026/related/CMO-Historical-Data-Monthly.xlsx","monthly","($/cubic meter)","1970-01-01","2026-08-01","428","observed_public","World Bank Pink Sheet monthly nominal benchmark price in the source unit. The source reports monthly averages, not end-of-month closes; this is a price level with no dividend, financing, storage, or total-return adjustment. Benchmark definitions and delivery bases may change through time; consult the workbook Description sheet."
"WB_CMD_SAWNWOOD_MALAYSIAN","World Bank · Sawnwood, Malaysian","Commodities","Global","","World Bank Commodity Price Data (The Pink Sheet)","https://thedocs.worldbank.org/en/doc/74e8be41ceb20fa0da750cda2f6b9e4e-0050012026/related/CMO-Historical-Data-Monthly.xlsx","monthly","($/cubic meter)","1960-01-01","2026-08-01","800","observed_public","World Bank Pink Sheet monthly nominal benchmark price in the source unit. The source reports monthly averages, not end-of-month closes; this is a price level with no dividend, financing, storage, or total-return adjustment. Benchmark definitions and delivery bases may change through time; consult the workbook Description sheet."
"WB_CMD_PLYWOOD","World Bank · Plywood","Commodities","Global","","World Bank Commodity Price Data (The Pink Sheet)","https://thedocs.worldbank.org/en/doc/74e8be41ceb20fa0da750cda2f6b9e4e-0050012026/related/CMO-Historical-Data-Monthly.xlsx","monthly","(cents/sheet)","1979-01-01","2026-08-01","572","observed_public","World Bank Pink Sheet monthly nominal benchmark price in the source unit. The source reports monthly averages, not end-of-month closes; this is a price level with no dividend, financing, storage, or total-return adjustment. Benchmark definitions and delivery bases may change through time; consult the workbook Description sheet."
"WB_CMD_COTTON_A_INDEX","World Bank · Cotton, A Index","Commodities","Global","","World Bank Commodity Price Data (The Pink Sheet)","https://thedocs.worldbank.org/en/doc/74e8be41ceb20fa0da750cda2f6b9e4e-0050012026/related/CMO-Historical-Data-Monthly.xlsx","monthly","($/kg)","1960-01-01","2026-08-01","800","observed_public","World Bank Pink Sheet monthly nominal benchmark price in the source unit. The source reports monthly averages, not end-of-month closes; this is a price level with no dividend, financing, storage, or total-return adjustment. Benchmark definitions and delivery bases may change through time; consult the workbook Description sheet."
"WB_CMD_RUBBER_TSR20","World Bank · Rubber, TSR20","Commodities","Global","","World Bank Commodity Price Data (The Pink Sheet)","https://thedocs.worldbank.org/en/doc/74e8be41ceb20fa0da750cda2f6b9e4e-0050012026/related/CMO-Historical-Data-Monthly.xlsx","monthly","($/kg)","1999-01-01","2026-08-01","332","observed_public","World Bank Pink Sheet monthly nominal benchmark price in the source unit. The source reports monthly averages, not end-of-month closes; this is a price level with no dividend, financing, storage, or total-return adjustment. Benchmark definitions and delivery bases may change through time; consult the workbook Description sheet."
"WB_CMD_RUBBER_RSS3","World Bank · Rubber, RSS3","Commodities","Global","","World Bank Commodity Price Data (The Pink Sheet)","https://thedocs.worldbank.org/en/doc/74e8be41ceb20fa0da750cda2f6b9e4e-0050012026/related/CMO-Historical-Data-Monthly.xlsx","monthly","($/kg)","1960-01-01","2026-08-01","800","observed_public","World Bank Pink Sheet monthly nominal benchmark price in the source unit. The source reports monthly averages, not end-of-month closes; this is a price level with no dividend, financing, storage, or total-return adjustment. Benchmark definitions and delivery bases may change through time; consult the workbook Description sheet."
"WB_CMD_PHOSPHATE_ROCK","World Bank · Phosphate rock","Commodities","Global","","World Bank Commodity Price Data (The Pink Sheet)","https://thedocs.worldbank.org/en/doc/74e8be41ceb20fa0da750cda2f6b9e4e-0050012026/related/CMO-Historical-Data-Monthly.xlsx","monthly","($/mt)","1960-01-01","2026-08-01","800","observed_public","World Bank Pink Sheet monthly nominal benchmark price in the source unit. The source reports monthly averages, not end-of-month closes; this is a price level with no dividend, financing, storage, or total-return adjustment. Benchmark definitions and delivery bases may change through time; consult the workbook Description sheet."
"WB_CMD_DAP","World Bank · DAP","Commodities","Global","","World Bank Commodity Price Data (The Pink Sheet)","https://thedocs.worldbank.org/en/doc/74e8be41ceb20fa0da750cda2f6b9e4e-0050012026/related/CMO-Historical-Data-Monthly.xlsx","monthly","($/mt)","1967-01-01","2026-08-01","716","observed_public","World Bank Pink Sheet monthly nominal benchmark price in the source unit. The source reports monthly averages, not end-of-month closes; this is a price level with no dividend, financing, storage, or total-return adjustment. Benchmark definitions and delivery bases may change through time; consult the workbook Description sheet."
"WB_CMD_TSP","World Bank · TSP","Commodities","Global","","World Bank Commodity Price Data (The Pink Sheet)","https://thedocs.worldbank.org/en/doc/74e8be41ceb20fa0da750cda2f6b9e4e-0050012026/related/CMO-Historical-Data-Monthly.xlsx","monthly","($/mt)","1960-01-01","2026-08-01","800","observed_public","World Bank Pink Sheet monthly nominal benchmark price in the source unit. The source reports monthly averages, not end-of-month closes; this is a price level with no dividend, financing, storage, or total-return adjustment. Benchmark definitions and delivery bases may change through time; consult the workbook Description sheet."
"WB_CMD_UREA","World Bank · Urea","Commodities","Global","","World Bank Commodity Price Data (The Pink Sheet)","https://thedocs.worldbank.org/en/doc/74e8be41ceb20fa0da750cda2f6b9e4e-0050012026/related/CMO-Historical-Data-Monthly.xlsx","monthly","($/mt)","1960-01-01","2026-08-01","800","observed_public","World Bank Pink Sheet monthly nominal benchmark price in the source unit. The source reports monthly averages, not end-of-month closes; this is a price level with no dividend, financing, storage, or total-return adjustment. Benchmark definitions and delivery bases may change through time; consult the workbook Description sheet."
"WB_CMD_POTASSIUM_CHLORIDE","World Bank · Potassium chloride","Commodities","Global","","World Bank Commodity Price Data (The Pink Sheet)","https://thedocs.worldbank.org/en/doc/74e8be41ceb20fa0da750cda2f6b9e4e-0050012026/related/CMO-Historical-Data-Monthly.xlsx","monthly","($/mt)","1960-01-01","2026-08-01","800","observed_public","World Bank Pink Sheet monthly nominal benchmark price in the source unit. The source reports monthly averages, not end-of-month closes; this is a price level with no dividend, financing, storage, or total-return adjustment. Benchmark definitions and delivery bases may change through time; consult the workbook Description sheet."
"WB_CMD_ALUMINUM","World Bank · Aluminum","Commodities","Global","","World Bank Commodity Price Data (The Pink Sheet)","https://thedocs.worldbank.org/en/doc/74e8be41ceb20fa0da750cda2f6b9e4e-0050012026/related/CMO-Historical-Data-Monthly.xlsx","monthly","($/mt)","1960-01-01","2026-08-01","800","observed_public","World Bank Pink Sheet monthly nominal benchmark price in the source unit. The source reports monthly averages, not end-of-month closes; this is a price level with no dividend, financing, storage, or total-return adjustment. Benchmark definitions and delivery bases may change through time; consult the workbook Description sheet."
"WB_CMD_IRON_ORE_CFR_SPOT","World Bank · Iron ore, cfr spot","Commodities","Global","","World Bank Commodity Price Data (The Pink Sheet)","https://thedocs.worldbank.org/en/doc/74e8be41ceb20fa0da750cda2f6b9e4e-0050012026/related/CMO-Historical-Data-Monthly.xlsx","monthly","($/dmtu)","1960-01-01","2026-08-01","800","observed_public","World Bank Pink Sheet monthly nominal benchmark price in the source unit. The source reports monthly averages, not end-of-month closes; this is a price level with no dividend, financing, storage, or total-return adjustment. Benchmark definitions and delivery bases may change through time; consult the workbook Description sheet."
"WB_CMD_COPPER","World Bank · Copper","Commodities","Global","","World Bank Commodity Price Data (The Pink Sheet)","https://thedocs.worldbank.org/en/doc/74e8be41ceb20fa0da750cda2f6b9e4e-0050012026/related/CMO-Historical-Data-Monthly.xlsx","monthly","($/mt)","1960-01-01","2026-08-01","800","observed_public","World Bank Pink Sheet monthly nominal benchmark price in the source unit. The source reports monthly averages, not end-of-month closes; this is a price level with no dividend, financing, storage, or total-return adjustment. Benchmark definitions and delivery bases may change through time; consult the workbook Description sheet."
"WB_CMD_LEAD","World Bank · Lead","Commodities","Global","","World Bank Commodity Price Data (The Pink Sheet)","https://thedocs.worldbank.org/en/doc/74e8be41ceb20fa0da750cda2f6b9e4e-0050012026/related/CMO-Historical-Data-Monthly.xlsx","monthly","($/mt)","1960-01-01","2026-08-01","800","observed_public","World Bank Pink Sheet monthly nominal benchmark price in the source unit. The source reports monthly averages, not end-of-month closes; this is a price level with no dividend, financing, storage, or total-return adjustment. Benchmark definitions and delivery bases may change through time; consult the workbook Description sheet."
"WB_CMD_TIN","World Bank · Tin","Commodities","Global","","World Bank Commodity Price Data (The Pink Sheet)","https://thedocs.worldbank.org/en/doc/74e8be41ceb20fa0da750cda2f6b9e4e-0050012026/related/CMO-Historical-Data-Monthly.xlsx","monthly","($/mt)","1960-01-01","2026-08-01","800","observed_public","World Bank Pink Sheet monthly nominal benchmark price in the source unit. The source reports monthly averages, not end-of-month closes; this is a price level with no dividend, financing, storage, or total-return adjustment. Benchmark definitions and delivery bases may change through time; consult the workbook Description sheet."
"WB_CMD_NICKEL","World Bank · Nickel","Commodities","Global","","World Bank Commodity Price Data (The Pink Sheet)","https://thedocs.worldbank.org/en/doc/74e8be41ceb20fa0da750cda2f6b9e4e-0050012026/related/CMO-Historical-Data-Monthly.xlsx","monthly","($/mt)","1960-01-01","2026-08-01","800","observed_public","World Bank Pink Sheet monthly nominal benchmark price in the source unit. The source reports monthly averages, not end-of-month closes; this is a price level with no dividend, financing, storage, or total-return adjustment. Benchmark definitions and delivery bases may change through time; consult the workbook Description sheet."
"WB_CMD_ZINC","World Bank · Zinc","Commodities","Global","","World Bank Commodity Price Data (The Pink Sheet)","https://thedocs.worldbank.org/en/doc/74e8be41ceb20fa0da750cda2f6b9e4e-0050012026/related/CMO-Historical-Data-Monthly.xlsx","monthly","($/mt)","1960-01-01","2026-08-01","800","observed_public","World Bank Pink Sheet monthly nominal benchmark price in the source unit. The source reports monthly averages, not end-of-month closes; this is a price level with no dividend, financing, storage, or total-return adjustment. Benchmark definitions and delivery bases may change through time; consult the workbook Description sheet."
"WB_CMD_GOLD","World Bank · Gold","Commodities","Global","","World Bank Commodity Price Data (The Pink Sheet)","https://thedocs.worldbank.org/en/doc/74e8be41ceb20fa0da750cda2f6b9e4e-0050012026/related/CMO-Historical-Data-Monthly.xlsx","monthly","($/troy oz)","1960-01-01","2026-08-01","800","observed_public","World Bank Pink Sheet monthly nominal benchmark price in the source unit. The source reports monthly averages, not end-of-month closes; this is a price level with no dividend, financing, storage, or total-return adjustment. Benchmark definitions and delivery bases may change through time; consult the workbook Description sheet."
"WB_CMD_PLATINUM","World Bank · Platinum","Commodities","Global","","World Bank Commodity Price Data (The Pink Sheet)","https://thedocs.worldbank.org/en/doc/74e8be41ceb20fa0da750cda2f6b9e4e-0050012026/related/CMO-Historical-Data-Monthly.xlsx","monthly","($/troy oz)","1960-01-01","2026-08-01","800","observed_public","World Bank Pink Sheet monthly nominal benchmark price in the source unit. The source reports monthly averages, not end-of-month closes; this is a price level with no dividend, financing, storage, or total-return adjustment. Benchmark definitions and delivery bases may change through time; consult the workbook Description sheet."
"WB_CMD_SILVER","World Bank · Silver","Commodities","Global","","World Bank Commodity Price Data (The Pink Sheet)","https://thedocs.worldbank.org/en/doc/74e8be41ceb20fa0da750cda2f6b9e4e-0050012026/related/CMO-Historical-Data-Monthly.xlsx","monthly","($/troy oz)","1960-01-01","2026-08-01","800","observed_public","World Bank Pink Sheet monthly nominal benchmark price in the source unit. The source reports monthly averages, not end-of-month closes; this is a price level with no dividend, financing, storage, or total-return adjustment. Benchmark definitions and delivery bases may change through time; consult the workbook Description sheet."
"WB_CMD_INDEX_TOTAL_INDEX","World Bank · Total Index","Commodities","Global","","World Bank Commodity Price Data (The Pink Sheet)","https://thedocs.worldbank.org/en/doc/74e8be41ceb20fa0da750cda2f6b9e4e-0050012026/related/CMO-Historical-Data-Monthly.xlsx","monthly","index (2010=100)","1960-01-01","2026-08-01","800","observed_public","World Bank Pink Sheet monthly nominal Laspeyres commodity-price index (2010=100), using source-defined commodity weights. The source reports monthly index observations rather than end-of-month closes; it is a price index, not an investable total-return index."
"WB_CMD_INDEX_ENERGY","World Bank · Energy","Commodities","Global","","World Bank Commodity Price Data (The Pink Sheet)","https://thedocs.worldbank.org/en/doc/74e8be41ceb20fa0da750cda2f6b9e4e-0050012026/related/CMO-Historical-Data-Monthly.xlsx","monthly","index (2010=100)","1960-01-01","2026-08-01","800","observed_public","World Bank Pink Sheet monthly nominal Laspeyres commodity-price index (2010=100), using source-defined commodity weights. The source reports monthly index observations rather than end-of-month closes; it is a price index, not an investable total-return index."
"WB_CMD_INDEX_NON_ENERGY","World Bank · Non-energy","Commodities","Global","","World Bank Commodity Price Data (The Pink Sheet)","https://thedocs.worldbank.org/en/doc/74e8be41ceb20fa0da750cda2f6b9e4e-0050012026/related/CMO-Historical-Data-Monthly.xlsx","monthly","index (2010=100)","1960-01-01","2026-08-01","800","observed_public","World Bank Pink Sheet monthly nominal Laspeyres commodity-price index (2010=100), using source-defined commodity weights. The source reports monthly index observations rather than end-of-month closes; it is a price index, not an investable total-return index."
"WB_CMD_INDEX_AGRICULTURE","World Bank · Agriculture","Commodities","Global","","World Bank Commodity Price Data (The Pink Sheet)","https://thedocs.worldbank.org/en/doc/74e8be41ceb20fa0da750cda2f6b9e4e-0050012026/related/CMO-Historical-Data-Monthly.xlsx","monthly","index (2010=100)","1960-01-01","2026-08-01","800","observed_public","World Bank Pink Sheet monthly nominal Laspeyres commodity-price index (2010=100), using source-defined commodity weights. The source reports monthly index observations rather than end-of-month closes; it is a price index, not an investable total-return index."
"WB_CMD_INDEX_BEVERAGES","World Bank · Beverages","Commodities","Global","","World Bank Commodity Price Data (The Pink Sheet)","https://thedocs.worldbank.org/en/doc/74e8be41ceb20fa0da750cda2f6b9e4e-0050012026/related/CMO-Historical-Data-Monthly.xlsx","monthly","index (2010=100)","1960-01-01","2026-08-01","800","observed_public","World Bank Pink Sheet monthly nominal Laspeyres commodity-price index (2010=100), using source-defined commodity weights. The source reports monthly index observations rather than end-of-month closes; it is a price index, not an investable total-return index."
"WB_CMD_INDEX_FOOD","World Bank · Food","Commodities","Global","","World Bank Commodity Price Data (The Pink Sheet)","https://thedocs.worldbank.org/en/doc/74e8be41ceb20fa0da750cda2f6b9e4e-0050012026/related/CMO-Historical-Data-Monthly.xlsx","monthly","index (2010=100)","1960-01-01","2026-08-01","800","observed_public","World Bank Pink Sheet monthly nominal Laspeyres commodity-price index (2010=100), using source-defined commodity weights. The source reports monthly index observations rather than end-of-month closes; it is a price index, not an investable total-return index."
"WB_CMD_INDEX_OILS_AND_MEALS","World Bank · Oils & Meals","Commodities","Global","","World Bank Commodity Price Data (The Pink Sheet)","https://thedocs.worldbank.org/en/doc/74e8be41ceb20fa0da750cda2f6b9e4e-0050012026/related/CMO-Historical-Data-Monthly.xlsx","monthly","index (2010=100)","1960-01-01","2026-08-01","800","observed_public","World Bank Pink Sheet monthly nominal Laspeyres commodity-price index (2010=100), using source-defined commodity weights. The source reports monthly index observations rather than end-of-month closes; it is a price index, not an investable total-return index."
"WB_CMD_INDEX_GRAINS","World Bank · Grains","Commodities","Global","","World Bank Commodity Price Data (The Pink Sheet)","https://thedocs.worldbank.org/en/doc/74e8be41ceb20fa0da750cda2f6b9e4e-0050012026/related/CMO-Historical-Data-Monthly.xlsx","monthly","index (2010=100)","1960-01-01","2026-08-01","800","observed_public","World Bank Pink Sheet monthly nominal Laspeyres commodity-price index (2010=100), using source-defined commodity weights. The source reports monthly index observations rather than end-of-month closes; it is a price index, not an investable total-return index."
"WB_CMD_INDEX_OTHER_FOOD","World Bank · Other Food","Commodities","Global","","World Bank Commodity Price Data (The Pink Sheet)","https://thedocs.worldbank.org/en/doc/74e8be41ceb20fa0da750cda2f6b9e4e-0050012026/related/CMO-Historical-Data-Monthly.xlsx","monthly","index (2010=100)","1960-01-01","2026-08-01","800","observed_public","World Bank Pink Sheet monthly nominal Laspeyres commodity-price index (2010=100), using source-defined commodity weights. The source reports monthly index observations rather than end-of-month closes; it is a price index, not an investable total-return index."
"WB_CMD_INDEX_RAW_MATERIALS","World Bank · Raw Materials","Commodities","Global","","World Bank Commodity Price Data (The Pink Sheet)","https://thedocs.worldbank.org/en/doc/74e8be41ceb20fa0da750cda2f6b9e4e-0050012026/related/CMO-Historical-Data-Monthly.xlsx","monthly","index (2010=100)","1960-01-01","2026-08-01","800","observed_public","World Bank Pink Sheet monthly nominal Laspeyres commodity-price index (2010=100), using source-defined commodity weights. The source reports monthly index observations rather than end-of-month closes; it is a price index, not an investable total-return index."
"WB_CMD_INDEX_TIMBER","World Bank · Timber","Commodities","Global","","World Bank Commodity Price Data (The Pink Sheet)","https://thedocs.worldbank.org/en/doc/74e8be41ceb20fa0da750cda2f6b9e4e-0050012026/related/CMO-Historical-Data-Monthly.xlsx","monthly","index (2010=100)","1960-01-01","2026-08-01","800","observed_public","World Bank Pink Sheet monthly nominal Laspeyres commodity-price index (2010=100), using source-defined commodity weights. The source reports monthly index observations rather than end-of-month closes; it is a price index, not an investable total-return index."
"WB_CMD_INDEX_OTHER_RAW_MAT","World Bank · Other Raw Mat.","Commodities","Global","","World Bank Commodity Price Data (The Pink Sheet)","https://thedocs.worldbank.org/en/doc/74e8be41ceb20fa0da750cda2f6b9e4e-0050012026/related/CMO-Historical-Data-Monthly.xlsx","monthly","index (2010=100)","1960-01-01","2026-08-01","800","observed_public","World Bank Pink Sheet monthly nominal Laspeyres commodity-price index (2010=100), using source-defined commodity weights. The source reports monthly index observations rather than end-of-month closes; it is a price index, not an investable total-return index."
"WB_CMD_INDEX_FERTILIZERS","World Bank · Fertilizers","Commodities","Global","","World Bank Commodity Price Data (The Pink Sheet)","https://thedocs.worldbank.org/en/doc/74e8be41ceb20fa0da750cda2f6b9e4e-0050012026/related/CMO-Historical-Data-Monthly.xlsx","monthly","index (2010=100)","1960-01-01","2026-08-01","800","observed_public","World Bank Pink Sheet monthly nominal Laspeyres commodity-price index (2010=100), using source-defined commodity weights. The source reports monthly index observations rather than end-of-month closes; it is a price index, not an investable total-return index."
"WB_CMD_INDEX_METALS_AND_MINERALS","World Bank · Metals & Minerals","Commodities","Global","","World Bank Commodity Price Data (The Pink Sheet)","https://thedocs.worldbank.org/en/doc/74e8be41ceb20fa0da750cda2f6b9e4e-0050012026/related/CMO-Historical-Data-Monthly.xlsx","monthly","index (2010=100)","1960-01-01","2026-08-01","800","observed_public","World Bank Pink Sheet monthly nominal Laspeyres commodity-price index (2010=100), using source-defined commodity weights. The source reports monthly index observations rather than end-of-month closes; it is a price index, not an investable total-return index."
"WB_CMD_INDEX_BASE_METALS_EX_IRON_ORE","World Bank · Base Metals (ex. iron ore)","Commodities","Global","","World Bank Commodity Price Data (The Pink Sheet)","https://thedocs.worldbank.org/en/doc/74e8be41ceb20fa0da750cda2f6b9e4e-0050012026/related/CMO-Historical-Data-Monthly.xlsx","monthly","index (2010=100)","1960-01-01","2026-08-01","800","observed_public","World Bank Pink Sheet monthly nominal Laspeyres commodity-price index (2010=100), using source-defined commodity weights. The source reports monthly index observations rather than end-of-month closes; it is a price index, not an investable total-return index."
"WB_CMD_INDEX_PRECIOUS_METALS","World Bank · Precious Metals","Commodities","Global","","World Bank Commodity Price Data (The Pink Sheet)","https://thedocs.worldbank.org/en/doc/74e8be41ceb20fa0da750cda2f6b9e4e-0050012026/related/CMO-Historical-Data-Monthly.xlsx","monthly","index (2010=100)","1960-01-01","2026-08-01","800","observed_public","World Bank Pink Sheet monthly nominal Laspeyres commodity-price index (2010=100), using source-defined commodity weights. The source reports monthly index observations rather than end-of-month closes; it is a price index, not an investable total-return index."
"WDI_WLD_GDP","Real GDP · World","Growth","Global","","World Bank · World Development Indicators","https://data.worldbank.org/indicator/NY.GDP.MKTP.KD","annual","constant 2015 USD","1960-12-31","2025-12-31","66","published observations","The World Bank publishes this annual indicator at its native frequency. Observations are retained without interpolation, annualization, or synthetic substitution. Dates use December 31 as a reference-year label, not a publication date; missing values are omitted. World aggregates use the provider's indicator-specific aggregation and coverage, not an unweighted country average. Source indicator: NY.GDP.MKTP.KD."
"WDI_WLD_GDPPC","Real GDP per capita · World","Growth","Global","","World Bank · World Development Indicators","https://data.worldbank.org/indicator/NY.GDP.PCAP.KD","annual","constant 2015 USD/person","1960-12-31","2025-12-31","66","published observations","The World Bank publishes this annual indicator at its native frequency. Observations are retained without interpolation, annualization, or synthetic substitution. Dates use December 31 as a reference-year label, not a publication date; missing values are omitted. World aggregates use the provider's indicator-specific aggregation and coverage, not an unweighted country average. Source indicator: NY.GDP.PCAP.KD."
"WDI_USA_GDPPC","Real GDP per capita · United States","Growth","US","United States","World Bank · World Development Indicators","https://data.worldbank.org/indicator/NY.GDP.PCAP.KD","annual","constant 2015 USD/person","1960-12-31","2025-12-31","66","published observations","The World Bank publishes this annual indicator at its native frequency. Observations are retained without interpolation, annualization, or synthetic substitution. Dates use December 31 as a reference-year label, not a publication date; missing values are omitted. World aggregates use the provider's indicator-specific aggregation and coverage, not an unweighted country average. Source indicator: NY.GDP.PCAP.KD."
"WDI_CAN_GDPPC","Real GDP per capita · Canada","Growth","Canada","Canada","World Bank · World Development Indicators","https://data.worldbank.org/indicator/NY.GDP.PCAP.KD","annual","constant 2015 USD/person","1960-12-31","2025-12-31","66","published observations","The World Bank publishes this annual indicator at its native frequency. Observations are retained without interpolation, annualization, or synthetic substitution. Dates use December 31 as a reference-year label, not a publication date; missing values are omitted. World aggregates use the provider's indicator-specific aggregation and coverage, not an unweighted country average. Source indicator: NY.GDP.PCAP.KD."
"WDI_GBR_GDPPC","Real GDP per capita · United Kingdom","Growth","United Kingdom","United Kingdom","World Bank · World Development Indicators","https://data.worldbank.org/indicator/NY.GDP.PCAP.KD","annual","constant 2015 USD/person","1960-12-31","2025-12-31","66","published observations","The World Bank publishes this annual indicator at its native frequency. Observations are retained without interpolation, annualization, or synthetic substitution. Dates use December 31 as a reference-year label, not a publication date; missing values are omitted. World aggregates use the provider's indicator-specific aggregation and coverage, not an unweighted country average. Source indicator: NY.GDP.PCAP.KD."
"WDI_DEU_GDPPC","Real GDP per capita · Germany","Growth","Germany","Germany","World Bank · World Development Indicators","https://data.worldbank.org/indicator/NY.GDP.PCAP.KD","annual","constant 2015 USD/person","1960-12-31","2025-12-31","66","published observations","The World Bank publishes this annual indicator at its native frequency. Observations are retained without interpolation, annualization, or synthetic substitution. Dates use December 31 as a reference-year label, not a publication date; missing values are omitted. World aggregates use the provider's indicator-specific aggregation and coverage, not an unweighted country average. Source indicator: NY.GDP.PCAP.KD."
"WDI_FRA_GDPPC","Real GDP per capita · France","Growth","France","France","World Bank · World Development Indicators","https://data.worldbank.org/indicator/NY.GDP.PCAP.KD","annual","constant 2015 USD/person","1960-12-31","2025-12-31","66","published observations","The World Bank publishes this annual indicator at its native frequency. Observations are retained without interpolation, annualization, or synthetic substitution. Dates use December 31 as a reference-year label, not a publication date; missing values are omitted. World aggregates use the provider's indicator-specific aggregation and coverage, not an unweighted country average. Source indicator: NY.GDP.PCAP.KD."
"WDI_ITA_GDPPC","Real GDP per capita · Italy","Growth","Italy","Italy","World Bank · World Development Indicators","https://data.worldbank.org/indicator/NY.GDP.PCAP.KD","annual","constant 2015 USD/person","1960-12-31","2025-12-31","66","published observations","The World Bank publishes this annual indicator at its native frequency. Observations are retained without interpolation, annualization, or synthetic substitution. Dates use December 31 as a reference-year label, not a publication date; missing values are omitted. World aggregates use the provider's indicator-specific aggregation and coverage, not an unweighted country average. Source indicator: NY.GDP.PCAP.KD."
"WDI_JPN_GDPPC","Real GDP per capita · Japan","Growth","Japan","Japan","World Bank · World Development Indicators","https://data.worldbank.org/indicator/NY.GDP.PCAP.KD","annual","constant 2015 USD/person","1960-12-31","2025-12-31","66","published observations","The World Bank publishes this annual indicator at its native frequency. Observations are retained without interpolation, annualization, or synthetic substitution. Dates use December 31 as a reference-year label, not a publication date; missing values are omitted. World aggregates use the provider's indicator-specific aggregation and coverage, not an unweighted country average. Source indicator: NY.GDP.PCAP.KD."
"WDI_AUS_GDPPC","Real GDP per capita · Australia","Growth","Australia","Australia","World Bank · World Development Indicators","https://data.worldbank.org/indicator/NY.GDP.PCAP.KD","annual","constant 2015 USD/person","1960-12-31","2025-12-31","66","published observations","The World Bank publishes this annual indicator at its native frequency. Observations are retained without interpolation, annualization, or synthetic substitution. Dates use December 31 as a reference-year label, not a publication date; missing values are omitted. World aggregates use the provider's indicator-specific aggregation and coverage, not an unweighted country average. Source indicator: NY.GDP.PCAP.KD."
"WDI_CHN_GDPPC","Real GDP per capita · China","Growth","China","China","World Bank · World Development Indicators","https://data.worldbank.org/indicator/NY.GDP.PCAP.KD","annual","constant 2015 USD/person","1960-12-31","2025-12-31","66","published observations","The World Bank publishes this annual indicator at its native frequency. Observations are retained without interpolation, annualization, or synthetic substitution. Dates use December 31 as a reference-year label, not a publication date; missing values are omitted. World aggregates use the provider's indicator-specific aggregation and coverage, not an unweighted country average. Source indicator: NY.GDP.PCAP.KD."
"WDI_IND_GDPPC","Real GDP per capita · India","Growth","India","India","World Bank · World Development Indicators","https://data.worldbank.org/indicator/NY.GDP.PCAP.KD","annual","constant 2015 USD/person","1960-12-31","2025-12-31","66","published observations","The World Bank publishes this annual indicator at its native frequency. Observations are retained without interpolation, annualization, or synthetic substitution. Dates use December 31 as a reference-year label, not a publication date; missing values are omitted. World aggregates use the provider's indicator-specific aggregation and coverage, not an unweighted country average. Source indicator: NY.GDP.PCAP.KD."
"WDI_BRA_GDPPC","Real GDP per capita · Brazil","Growth","Brazil","Brazil","World Bank · World Development Indicators","https://data.worldbank.org/indicator/NY.GDP.PCAP.KD","annual","constant 2015 USD/person","1960-12-31","2025-12-31","66","published observations","The World Bank publishes this annual indicator at its native frequency. Observations are retained without interpolation, annualization, or synthetic substitution. Dates use December 31 as a reference-year label, not a publication date; missing values are omitted. World aggregates use the provider's indicator-specific aggregation and coverage, not an unweighted country average. Source indicator: NY.GDP.PCAP.KD."
"WDI_MEX_GDPPC","Real GDP per capita · Mexico","Growth","Mexico","Mexico","World Bank · World Development Indicators","https://data.worldbank.org/indicator/NY.GDP.PCAP.KD","annual","constant 2015 USD/person","1960-12-31","2025-12-31","66","published observations","The World Bank publishes this annual indicator at its native frequency. Observations are retained without interpolation, annualization, or synthetic substitution. Dates use December 31 as a reference-year label, not a publication date; missing values are omitted. World aggregates use the provider's indicator-specific aggregation and coverage, not an unweighted country average. Source indicator: NY.GDP.PCAP.KD."
"WDI_KOR_GDPPC","Real GDP per capita · Korea, Rep.","Growth","South Korea","South Korea","World Bank · World Development Indicators","https://data.worldbank.org/indicator/NY.GDP.PCAP.KD","annual","constant 2015 USD/person","1960-12-31","2025-12-31","66","published observations","The World Bank publishes this annual indicator at its native frequency. Observations are retained without interpolation, annualization, or synthetic substitution. Dates use December 31 as a reference-year label, not a publication date; missing values are omitted. World aggregates use the provider's indicator-specific aggregation and coverage, not an unweighted country average. Source indicator: NY.GDP.PCAP.KD."
"WDI_ZAF_GDPPC","Real GDP per capita · South Africa","Growth","South Africa","South Africa","World Bank · World Development Indicators","https://data.worldbank.org/indicator/NY.GDP.PCAP.KD","annual","constant 2015 USD/person","1960-12-31","2025-12-31","66","published observations","The World Bank publishes this annual indicator at its native frequency. Observations are retained without interpolation, annualization, or synthetic substitution. Dates use December 31 as a reference-year label, not a publication date; missing values are omitted. World aggregates use the provider's indicator-specific aggregation and coverage, not an unweighted country average. Source indicator: NY.GDP.PCAP.KD."
"WDI_SAU_GDPPC","Real GDP per capita · Saudi Arabia","Growth","Saudi Arabia","Saudi Arabia","World Bank · World Development Indicators","https://data.worldbank.org/indicator/NY.GDP.PCAP.KD","annual","constant 2015 USD/person","1960-12-31","2025-12-31","66","published observations","The World Bank publishes this annual indicator at its native frequency. Observations are retained without interpolation, annualization, or synthetic substitution. Dates use December 31 as a reference-year label, not a publication date; missing values are omitted. World aggregates use the provider's indicator-specific aggregation and coverage, not an unweighted country average. Source indicator: NY.GDP.PCAP.KD."
"WDI_IDN_GDPPC","Real GDP per capita · Indonesia","Growth","Indonesia","Indonesia","World Bank · World Development Indicators","https://data.worldbank.org/indicator/NY.GDP.PCAP.KD","annual","constant 2015 USD/person","1960-12-31","2025-12-31","66","published observations","The World Bank publishes this annual indicator at its native frequency. Observations are retained without interpolation, annualization, or synthetic substitution. Dates use December 31 as a reference-year label, not a publication date; missing values are omitted. World aggregates use the provider's indicator-specific aggregation and coverage, not an unweighted country average. Source indicator: NY.GDP.PCAP.KD."
"WDI_WLD_POP","Population · World","Demography","Global","","World Bank · World Development Indicators","https://data.worldbank.org/indicator/SP.POP.TOTL","annual","people","1960-12-31","2025-12-31","66","published observations","The World Bank publishes this annual indicator at its native frequency. Observations are retained without interpolation, annualization, or synthetic substitution. Dates use December 31 as a reference-year label, not a publication date; missing values are omitted. World aggregates use the provider's indicator-specific aggregation and coverage, not an unweighted country average. Source indicator: SP.POP.TOTL."
"WDI_WLD_TRADE","Trade share of GDP · World","Growth","Global","","World Bank · World Development Indicators","https://data.worldbank.org/indicator/NE.TRD.GNFS.ZS","annual","%","1970-12-31","2025-12-31","56","published observations","The World Bank publishes this annual indicator at its native frequency. Observations are retained without interpolation, annualization, or synthetic substitution. Dates use December 31 as a reference-year label, not a publication date; missing values are omitted. World aggregates use the provider's indicator-specific aggregation and coverage, not an unweighted country average. Source indicator: NE.TRD.GNFS.ZS."
"WDI_WLD_INVESTMENT","Gross capital formation share of GDP · World","Growth","Global","","World Bank · World Development Indicators","https://data.worldbank.org/indicator/NE.GDI.TOTL.ZS","annual","%","1970-12-31","2024-12-31","55","published observations","The World Bank publishes this annual indicator at its native frequency. Observations are retained without interpolation, annualization, or synthetic substitution. Dates use December 31 as a reference-year label, not a publication date; missing values are omitted. World aggregates use the provider's indicator-specific aggregation and coverage, not an unweighted country average. Source indicator: NE.GDI.TOTL.ZS."
"WDI_WLD_SAVINGS","Gross savings share of GDP · World","Growth","Global","","World Bank · World Development Indicators","https://data.worldbank.org/indicator/NY.GNS.ICTR.ZS","annual","%","1981-12-31","2024-12-31","44","published observations","The World Bank publishes this annual indicator at its native frequency. Observations are retained without interpolation, annualization, or synthetic substitution. Dates use December 31 as a reference-year label, not a publication date; missing values are omitted. World aggregates use the provider's indicator-specific aggregation and coverage, not an unweighted country average. Source indicator: NY.GNS.ICTR.ZS."
"WDI_WLD_URBAN","Urban population share · World","Demography","Global","","World Bank · World Development Indicators","https://data.worldbank.org/indicator/SP.URB.TOTL.IN.ZS","annual","%","1960-12-31","2025-12-31","66","published observations","The World Bank publishes this annual indicator at its native frequency. Observations are retained without interpolation, annualization, or synthetic substitution. Dates use December 31 as a reference-year label, not a publication date; missing values are omitted. World aggregates use the provider's indicator-specific aggregation and coverage, not an unweighted country average. Source indicator: SP.URB.TOTL.IN.ZS."
"WDI_USA_INFLATION","CPI inflation · United States","Inflation","US","United States","World Bank · World Development Indicators","https://data.worldbank.org/indicator/FP.CPI.TOTL.ZG","annual","%","1960-12-31","2024-12-31","65","published observations","CPI inflation is the World Bank's annual consumer-price inflation rate. Observations are retained without interpolation, annualization, or synthetic substitution. Dates use December 31 as a reference-year label, not a publication date; missing values are omitted. World aggregates use the provider's indicator-specific aggregation and coverage, not an unweighted country average. Source indicator: FP.CPI.TOTL.ZG."
"WDI_CAN_INFLATION","CPI inflation · Canada","Inflation","Canada","Canada","World Bank · World Development Indicators","https://data.worldbank.org/indicator/FP.CPI.TOTL.ZG","annual","%","1960-12-31","2025-12-31","66","published observations","CPI inflation is the World Bank's annual consumer-price inflation rate. Observations are retained without interpolation, annualization, or synthetic substitution. Dates use December 31 as a reference-year label, not a publication date; missing values are omitted. World aggregates use the provider's indicator-specific aggregation and coverage, not an unweighted country average. Source indicator: FP.CPI.TOTL.ZG."
"WDI_GBR_INFLATION","CPI inflation · United Kingdom","Inflation","United Kingdom","United Kingdom","World Bank · World Development Indicators","https://data.worldbank.org/indicator/FP.CPI.TOTL.ZG","annual","%","1960-12-31","2025-12-31","66","published observations","CPI inflation is the World Bank's annual consumer-price inflation rate. Observations are retained without interpolation, annualization, or synthetic substitution. Dates use December 31 as a reference-year label, not a publication date; missing values are omitted. World aggregates use the provider's indicator-specific aggregation and coverage, not an unweighted country average. Source indicator: FP.CPI.TOTL.ZG."
"WDI_DEU_INFLATION","CPI inflation · Germany","Inflation","Germany","Germany","World Bank · World Development Indicators","https://data.worldbank.org/indicator/FP.CPI.TOTL.ZG","annual","%","1960-12-31","2025-12-31","66","published observations","CPI inflation is the World Bank's annual consumer-price inflation rate. Observations are retained without interpolation, annualization, or synthetic substitution. Dates use December 31 as a reference-year label, not a publication date; missing values are omitted. World aggregates use the provider's indicator-specific aggregation and coverage, not an unweighted country average. Source indicator: FP.CPI.TOTL.ZG."
"WDI_FRA_INFLATION","CPI inflation · France","Inflation","France","France","World Bank · World Development Indicators","https://data.worldbank.org/indicator/FP.CPI.TOTL.ZG","annual","%","1960-12-31","2025-12-31","66","published observations","CPI inflation is the World Bank's annual consumer-price inflation rate. Observations are retained without interpolation, annualization, or synthetic substitution. Dates use December 31 as a reference-year label, not a publication date; missing values are omitted. World aggregates use the provider's indicator-specific aggregation and coverage, not an unweighted country average. Source indicator: FP.CPI.TOTL.ZG."
"WDI_ITA_INFLATION","CPI inflation · Italy","Inflation","Italy","Italy","World Bank · World Development Indicators","https://data.worldbank.org/indicator/FP.CPI.TOTL.ZG","annual","%","1960-12-31","2025-12-31","66","published observations","CPI inflation is the World Bank's annual consumer-price inflation rate. Observations are retained without interpolation, annualization, or synthetic substitution. Dates use December 31 as a reference-year label, not a publication date; missing values are omitted. World aggregates use the provider's indicator-specific aggregation and coverage, not an unweighted country average. Source indicator: FP.CPI.TOTL.ZG."
"WDI_JPN_INFLATION","CPI inflation · Japan","Inflation","Japan","Japan","World Bank · World Development Indicators","https://data.worldbank.org/indicator/FP.CPI.TOTL.ZG","annual","%","1960-12-31","2025-12-31","66","published observations","CPI inflation is the World Bank's annual consumer-price inflation rate. Observations are retained without interpolation, annualization, or synthetic substitution. Dates use December 31 as a reference-year label, not a publication date; missing values are omitted. World aggregates use the provider's indicator-specific aggregation and coverage, not an unweighted country average. Source indicator: FP.CPI.TOTL.ZG."
"WDI_AUS_INFLATION","CPI inflation · Australia","Inflation","Australia","Australia","World Bank · World Development Indicators","https://data.worldbank.org/indicator/FP.CPI.TOTL.ZG","annual","%","1960-12-31","2025-12-31","66","published observations","CPI inflation is the World Bank's annual consumer-price inflation rate. Observations are retained without interpolation, annualization, or synthetic substitution. Dates use December 31 as a reference-year label, not a publication date; missing values are omitted. World aggregates use the provider's indicator-specific aggregation and coverage, not an unweighted country average. Source indicator: FP.CPI.TOTL.ZG."
"WDI_CHN_INFLATION","CPI inflation · China","Inflation","China","China","World Bank · World Development Indicators","https://data.worldbank.org/indicator/FP.CPI.TOTL.ZG","annual","%","1987-12-31","2025-12-31","39","published observations","CPI inflation is the World Bank's annual consumer-price inflation rate. Observations are retained without interpolation, annualization, or synthetic substitution. Dates use December 31 as a reference-year label, not a publication date; missing values are omitted. World aggregates use the provider's indicator-specific aggregation and coverage, not an unweighted country average. Source indicator: FP.CPI.TOTL.ZG."
"WDI_IND_INFLATION","CPI inflation · India","Inflation","India","India","World Bank · World Development Indicators","https://data.worldbank.org/indicator/FP.CPI.TOTL.ZG","annual","%","1960-12-31","2025-12-31","66","published observations","CPI inflation is the World Bank's annual consumer-price inflation rate. Observations are retained without interpolation, annualization, or synthetic substitution. Dates use December 31 as a reference-year label, not a publication date; missing values are omitted. World aggregates use the provider's indicator-specific aggregation and coverage, not an unweighted country average. Source indicator: FP.CPI.TOTL.ZG."
"WDI_BRA_INFLATION","CPI inflation · Brazil","Inflation","Brazil","Brazil","World Bank · World Development Indicators","https://data.worldbank.org/indicator/FP.CPI.TOTL.ZG","annual","%","1981-12-31","2025-12-31","45","published observations","CPI inflation is the World Bank's annual consumer-price inflation rate. Observations are retained without interpolation, annualization, or synthetic substitution. Dates use December 31 as a reference-year label, not a publication date; missing values are omitted. World aggregates use the provider's indicator-specific aggregation and coverage, not an unweighted country average. Source indicator: FP.CPI.TOTL.ZG."
"WDI_MEX_INFLATION","CPI inflation · Mexico","Inflation","Mexico","Mexico","World Bank · World Development Indicators","https://data.worldbank.org/indicator/FP.CPI.TOTL.ZG","annual","%","1960-12-31","2025-12-31","66","published observations","CPI inflation is the World Bank's annual consumer-price inflation rate. Observations are retained without interpolation, annualization, or synthetic substitution. Dates use December 31 as a reference-year label, not a publication date; missing values are omitted. World aggregates use the provider's indicator-specific aggregation and coverage, not an unweighted country average. Source indicator: FP.CPI.TOTL.ZG."
"WDI_KOR_INFLATION","CPI inflation · Korea, Rep.","Inflation","South Korea","South Korea","World Bank · World Development Indicators","https://data.worldbank.org/indicator/FP.CPI.TOTL.ZG","annual","%","1960-12-31","2025-12-31","66","published observations","CPI inflation is the World Bank's annual consumer-price inflation rate. Observations are retained without interpolation, annualization, or synthetic substitution. Dates use December 31 as a reference-year label, not a publication date; missing values are omitted. World aggregates use the provider's indicator-specific aggregation and coverage, not an unweighted country average. Source indicator: FP.CPI.TOTL.ZG."
"WDI_ZAF_INFLATION","CPI inflation · South Africa","Inflation","South Africa","South Africa","World Bank · World Development Indicators","https://data.worldbank.org/indicator/FP.CPI.TOTL.ZG","annual","%","1960-12-31","2025-12-31","66","published observations","CPI inflation is the World Bank's annual consumer-price inflation rate. Observations are retained without interpolation, annualization, or synthetic substitution. Dates use December 31 as a reference-year label, not a publication date; missing values are omitted. World aggregates use the provider's indicator-specific aggregation and coverage, not an unweighted country average. Source indicator: FP.CPI.TOTL.ZG."
"WDI_SAU_INFLATION","CPI inflation · Saudi Arabia","Inflation","Saudi Arabia","Saudi Arabia","World Bank · World Development Indicators","https://data.worldbank.org/indicator/FP.CPI.TOTL.ZG","annual","%","1964-12-31","2025-12-31","62","published observations","CPI inflation is the World Bank's annual consumer-price inflation rate. Observations are retained without interpolation, annualization, or synthetic substitution. Dates use December 31 as a reference-year label, not a publication date; missing values are omitted. World aggregates use the provider's indicator-specific aggregation and coverage, not an unweighted country average. Source indicator: FP.CPI.TOTL.ZG."
"WDI_IDN_INFLATION","CPI inflation · Indonesia","Inflation","Indonesia","Indonesia","World Bank · World Development Indicators","https://data.worldbank.org/indicator/FP.CPI.TOTL.ZG","annual","%","1960-12-31","2025-12-31","66","published observations","CPI inflation is the World Bank's annual consumer-price inflation rate. Observations are retained without interpolation, annualization, or synthetic substitution. Dates use December 31 as a reference-year label, not a publication date; missing values are omitted. World aggregates use the provider's indicator-specific aggregation and coverage, not an unweighted country average. Source indicator: FP.CPI.TOTL.ZG."
"WDI_USA_UNEMPLOYMENT","Unemployment rate · modeled ILO estimate · United States","Labor","US","United States","World Bank · World Development Indicators","https://data.worldbank.org/indicator/SL.UEM.TOTL.ZS","annual","%","1991-12-31","2025-12-31","35","published observations","Unemployment is the World Bank's modeled ILO estimate as a share of the total labor force. Observations are retained without interpolation, annualization, or synthetic substitution. Dates use December 31 as a reference-year label, not a publication date; missing values are omitted. World aggregates use the provider's indicator-specific aggregation and coverage, not an unweighted country average. Source indicator: SL.UEM.TOTL.ZS."
"WDI_CAN_UNEMPLOYMENT","Unemployment rate · modeled ILO estimate · Canada","Labor","Canada","Canada","World Bank · World Development Indicators","https://data.worldbank.org/indicator/SL.UEM.TOTL.ZS","annual","%","1991-12-31","2025-12-31","35","published observations","Unemployment is the World Bank's modeled ILO estimate as a share of the total labor force. Observations are retained without interpolation, annualization, or synthetic substitution. Dates use December 31 as a reference-year label, not a publication date; missing values are omitted. World aggregates use the provider's indicator-specific aggregation and coverage, not an unweighted country average. Source indicator: SL.UEM.TOTL.ZS."
"WDI_GBR_UNEMPLOYMENT","Unemployment rate · modeled ILO estimate · United Kingdom","Labor","United Kingdom","United Kingdom","World Bank · World Development Indicators","https://data.worldbank.org/indicator/SL.UEM.TOTL.ZS","annual","%","1991-12-31","2025-12-31","35","published observations","Unemployment is the World Bank's modeled ILO estimate as a share of the total labor force. Observations are retained without interpolation, annualization, or synthetic substitution. Dates use December 31 as a reference-year label, not a publication date; missing values are omitted. World aggregates use the provider's indicator-specific aggregation and coverage, not an unweighted country average. Source indicator: SL.UEM.TOTL.ZS."
"WDI_DEU_UNEMPLOYMENT","Unemployment rate · modeled ILO estimate · Germany","Labor","Germany","Germany","World Bank · World Development Indicators","https://data.worldbank.org/indicator/SL.UEM.TOTL.ZS","annual","%","1991-12-31","2025-12-31","35","published observations","Unemployment is the World Bank's modeled ILO estimate as a share of the total labor force. Observations are retained without interpolation, annualization, or synthetic substitution. Dates use December 31 as a reference-year label, not a publication date; missing values are omitted. World aggregates use the provider's indicator-specific aggregation and coverage, not an unweighted country average. Source indicator: SL.UEM.TOTL.ZS."
"WDI_FRA_UNEMPLOYMENT","Unemployment rate · modeled ILO estimate · France","Labor","France","France","World Bank · World Development Indicators","https://data.worldbank.org/indicator/SL.UEM.TOTL.ZS","annual","%","1991-12-31","2025-12-31","35","published observations","Unemployment is the World Bank's modeled ILO estimate as a share of the total labor force. Observations are retained without interpolation, annualization, or synthetic substitution. Dates use December 31 as a reference-year label, not a publication date; missing values are omitted. World aggregates use the provider's indicator-specific aggregation and coverage, not an unweighted country average. Source indicator: SL.UEM.TOTL.ZS."
"WDI_ITA_UNEMPLOYMENT","Unemployment rate · modeled ILO estimate · Italy","Labor","Italy","Italy","World Bank · World Development Indicators","https://data.worldbank.org/indicator/SL.UEM.TOTL.ZS","annual","%","1991-12-31","2025-12-31","35","published observations","Unemployment is the World Bank's modeled ILO estimate as a share of the total labor force. Observations are retained without interpolation, annualization, or synthetic substitution. Dates use December 31 as a reference-year label, not a publication date; missing values are omitted. World aggregates use the provider's indicator-specific aggregation and coverage, not an unweighted country average. Source indicator: SL.UEM.TOTL.ZS."
"WDI_JPN_UNEMPLOYMENT","Unemployment rate · modeled ILO estimate · Japan","Labor","Japan","Japan","World Bank · World Development Indicators","https://data.worldbank.org/indicator/SL.UEM.TOTL.ZS","annual","%","1991-12-31","2025-12-31","35","published observations","Unemployment is the World Bank's modeled ILO estimate as a share of the total labor force. Observations are retained without interpolation, annualization, or synthetic substitution. Dates use December 31 as a reference-year label, not a publication date; missing values are omitted. World aggregates use the provider's indicator-specific aggregation and coverage, not an unweighted country average. Source indicator: SL.UEM.TOTL.ZS."
"WDI_AUS_UNEMPLOYMENT","Unemployment rate · modeled ILO estimate · Australia","Labor","Australia","Australia","World Bank · World Development Indicators","https://data.worldbank.org/indicator/SL.UEM.TOTL.ZS","annual","%","1991-12-31","2025-12-31","35","published observations","Unemployment is the World Bank's modeled ILO estimate as a share of the total labor force. Observations are retained without interpolation, annualization, or synthetic substitution. Dates use December 31 as a reference-year label, not a publication date; missing values are omitted. World aggregates use the provider's indicator-specific aggregation and coverage, not an unweighted country average. Source indicator: SL.UEM.TOTL.ZS."
"WDI_CHN_UNEMPLOYMENT","Unemployment rate · modeled ILO estimate · China","Labor","China","China","World Bank · World Development Indicators","https://data.worldbank.org/indicator/SL.UEM.TOTL.ZS","annual","%","1991-12-31","2025-12-31","35","published observations","Unemployment is the World Bank's modeled ILO estimate as a share of the total labor force. Observations are retained without interpolation, annualization, or synthetic substitution. Dates use December 31 as a reference-year label, not a publication date; missing values are omitted. World aggregates use the provider's indicator-specific aggregation and coverage, not an unweighted country average. Source indicator: SL.UEM.TOTL.ZS."
"WDI_IND_UNEMPLOYMENT","Unemployment rate · modeled ILO estimate · India","Labor","India","India","World Bank · World Development Indicators","https://data.worldbank.org/indicator/SL.UEM.TOTL.ZS","annual","%","1991-12-31","2025-12-31","35","published observations","Unemployment is the World Bank's modeled ILO estimate as a share of the total labor force. Observations are retained without interpolation, annualization, or synthetic substitution. Dates use December 31 as a reference-year label, not a publication date; missing values are omitted. World aggregates use the provider's indicator-specific aggregation and coverage, not an unweighted country average. Source indicator: SL.UEM.TOTL.ZS."
"WDI_BRA_UNEMPLOYMENT","Unemployment rate · modeled ILO estimate · Brazil","Labor","Brazil","Brazil","World Bank · World Development Indicators","https://data.worldbank.org/indicator/SL.UEM.TOTL.ZS","annual","%","1991-12-31","2025-12-31","35","published observations","Unemployment is the World Bank's modeled ILO estimate as a share of the total labor force. Observations are retained without interpolation, annualization, or synthetic substitution. Dates use December 31 as a reference-year label, not a publication date; missing values are omitted. World aggregates use the provider's indicator-specific aggregation and coverage, not an unweighted country average. Source indicator: SL.UEM.TOTL.ZS."
"WDI_MEX_UNEMPLOYMENT","Unemployment rate · modeled ILO estimate · Mexico","Labor","Mexico","Mexico","World Bank · World Development Indicators","https://data.worldbank.org/indicator/SL.UEM.TOTL.ZS","annual","%","1991-12-31","2025-12-31","35","published observations","Unemployment is the World Bank's modeled ILO estimate as a share of the total labor force. Observations are retained without interpolation, annualization, or synthetic substitution. Dates use December 31 as a reference-year label, not a publication date; missing values are omitted. World aggregates use the provider's indicator-specific aggregation and coverage, not an unweighted country average. Source indicator: SL.UEM.TOTL.ZS."
"WDI_KOR_UNEMPLOYMENT","Unemployment rate · modeled ILO estimate · Korea, Rep.","Labor","South Korea","South Korea","World Bank · World Development Indicators","https://data.worldbank.org/indicator/SL.UEM.TOTL.ZS","annual","%","1991-12-31","2025-12-31","35","published observations","Unemployment is the World Bank's modeled ILO estimate as a share of the total labor force. Observations are retained without interpolation, annualization, or synthetic substitution. Dates use December 31 as a reference-year label, not a publication date; missing values are omitted. World aggregates use the provider's indicator-specific aggregation and coverage, not an unweighted country average. Source indicator: SL.UEM.TOTL.ZS."
"WDI_ZAF_UNEMPLOYMENT","Unemployment rate · modeled ILO estimate · South Africa","Labor","South Africa","South Africa","World Bank · World Development Indicators","https://data.worldbank.org/indicator/SL.UEM.TOTL.ZS","annual","%","1991-12-31","2025-12-31","35","published observations","Unemployment is the World Bank's modeled ILO estimate as a share of the total labor force. Observations are retained without interpolation, annualization, or synthetic substitution. Dates use December 31 as a reference-year label, not a publication date; missing values are omitted. World aggregates use the provider's indicator-specific aggregation and coverage, not an unweighted country average. Source indicator: SL.UEM.TOTL.ZS."
"WDI_SAU_UNEMPLOYMENT","Unemployment rate · modeled ILO estimate · Saudi Arabia","Labor","Saudi Arabia","Saudi Arabia","World Bank · World Development Indicators","https://data.worldbank.org/indicator/SL.UEM.TOTL.ZS","annual","%","1991-12-31","2025-12-31","35","published observations","Unemployment is the World Bank's modeled ILO estimate as a share of the total labor force. Observations are retained without interpolation, annualization, or synthetic substitution. Dates use December 31 as a reference-year label, not a publication date; missing values are omitted. World aggregates use the provider's indicator-specific aggregation and coverage, not an unweighted country average. Source indicator: SL.UEM.TOTL.ZS."
"WDI_IDN_UNEMPLOYMENT","Unemployment rate · modeled ILO estimate · Indonesia","Labor","Indonesia","Indonesia","World Bank · World Development Indicators","https://data.worldbank.org/indicator/SL.UEM.TOTL.ZS","annual","%","1991-12-31","2025-12-31","35","published observations","Unemployment is the World Bank's modeled ILO estimate as a share of the total labor force. Observations are retained without interpolation, annualization, or synthetic substitution. Dates use December 31 as a reference-year label, not a publication date; missing values are omitted. World aggregates use the provider's indicator-specific aggregation and coverage, not an unweighted country average. Source indicator: SL.UEM.TOTL.ZS."
"WDI_USA_GDPGROWTH","Real GDP growth · United States","Growth","US","United States","World Bank · World Development Indicators","https://data.worldbank.org/indicator/NY.GDP.MKTP.KD.ZG","annual","%","1961-12-31","2025-12-31","65","published observations","Real GDP growth is the World Bank's annual percentage change in constant-price GDP. Observations are retained without interpolation, annualization, or synthetic substitution. Dates use December 31 as a reference-year label, not a publication date; missing values are omitted. World aggregates use the provider's indicator-specific aggregation and coverage, not an unweighted country average. Source indicator: NY.GDP.MKTP.KD.ZG."
"WDI_CAN_GDPGROWTH","Real GDP growth · Canada","Growth","Canada","Canada","World Bank · World Development Indicators","https://data.worldbank.org/indicator/NY.GDP.MKTP.KD.ZG","annual","%","1961-12-31","2025-12-31","65","published observations","Real GDP growth is the World Bank's annual percentage change in constant-price GDP. Observations are retained without interpolation, annualization, or synthetic substitution. Dates use December 31 as a reference-year label, not a publication date; missing values are omitted. World aggregates use the provider's indicator-specific aggregation and coverage, not an unweighted country average. Source indicator: NY.GDP.MKTP.KD.ZG."
"WDI_GBR_GDPGROWTH","Real GDP growth · United Kingdom","Growth","United Kingdom","United Kingdom","World Bank · World Development Indicators","https://data.worldbank.org/indicator/NY.GDP.MKTP.KD.ZG","annual","%","1961-12-31","2025-12-31","65","published observations","Real GDP growth is the World Bank's annual percentage change in constant-price GDP. Observations are retained without interpolation, annualization, or synthetic substitution. Dates use December 31 as a reference-year label, not a publication date; missing values are omitted. World aggregates use the provider's indicator-specific aggregation and coverage, not an unweighted country average. Source indicator: NY.GDP.MKTP.KD.ZG."
"WDI_DEU_GDPGROWTH","Real GDP growth · Germany","Growth","Germany","Germany","World Bank · World Development Indicators","https://data.worldbank.org/indicator/NY.GDP.MKTP.KD.ZG","annual","%","1961-12-31","2025-12-31","65","published observations","Real GDP growth is the World Bank's annual percentage change in constant-price GDP. Observations are retained without interpolation, annualization, or synthetic substitution. Dates use December 31 as a reference-year label, not a publication date; missing values are omitted. World aggregates use the provider's indicator-specific aggregation and coverage, not an unweighted country average. Source indicator: NY.GDP.MKTP.KD.ZG."
"WDI_FRA_GDPGROWTH","Real GDP growth · France","Growth","France","France","World Bank · World Development Indicators","https://data.worldbank.org/indicator/NY.GDP.MKTP.KD.ZG","annual","%","1961-12-31","2025-12-31","65","published observations","Real GDP growth is the World Bank's annual percentage change in constant-price GDP. Observations are retained without interpolation, annualization, or synthetic substitution. Dates use December 31 as a reference-year label, not a publication date; missing values are omitted. World aggregates use the provider's indicator-specific aggregation and coverage, not an unweighted country average. Source indicator: NY.GDP.MKTP.KD.ZG."
"WDI_ITA_GDPGROWTH","Real GDP growth · Italy","Growth","Italy","Italy","World Bank · World Development Indicators","https://data.worldbank.org/indicator/NY.GDP.MKTP.KD.ZG","annual","%","1961-12-31","2025-12-31","65","published observations","Real GDP growth is the World Bank's annual percentage change in constant-price GDP. Observations are retained without interpolation, annualization, or synthetic substitution. Dates use December 31 as a reference-year label, not a publication date; missing values are omitted. World aggregates use the provider's indicator-specific aggregation and coverage, not an unweighted country average. Source indicator: NY.GDP.MKTP.KD.ZG."
"WDI_JPN_GDPGROWTH","Real GDP growth · Japan","Growth","Japan","Japan","World Bank · World Development Indicators","https://data.worldbank.org/indicator/NY.GDP.MKTP.KD.ZG","annual","%","1961-12-31","2025-12-31","65","published observations","Real GDP growth is the World Bank's annual percentage change in constant-price GDP. Observations are retained without interpolation, annualization, or synthetic substitution. Dates use December 31 as a reference-year label, not a publication date; missing values are omitted. World aggregates use the provider's indicator-specific aggregation and coverage, not an unweighted country average. Source indicator: NY.GDP.MKTP.KD.ZG."
"WDI_AUS_GDPGROWTH","Real GDP growth · Australia","Growth","Australia","Australia","World Bank · World Development Indicators","https://data.worldbank.org/indicator/NY.GDP.MKTP.KD.ZG","annual","%","1961-12-31","2025-12-31","65","published observations","Real GDP growth is the World Bank's annual percentage change in constant-price GDP. Observations are retained without interpolation, annualization, or synthetic substitution. Dates use December 31 as a reference-year label, not a publication date; missing values are omitted. World aggregates use the provider's indicator-specific aggregation and coverage, not an unweighted country average. Source indicator: NY.GDP.MKTP.KD.ZG."
"WDI_CHN_GDPGROWTH","Real GDP growth · China","Growth","China","China","World Bank · World Development Indicators","https://data.worldbank.org/indicator/NY.GDP.MKTP.KD.ZG","annual","%","1961-12-31","2025-12-31","65","published observations","Real GDP growth is the World Bank's annual percentage change in constant-price GDP. Observations are retained without interpolation, annualization, or synthetic substitution. Dates use December 31 as a reference-year label, not a publication date; missing values are omitted. World aggregates use the provider's indicator-specific aggregation and coverage, not an unweighted country average. Source indicator: NY.GDP.MKTP.KD.ZG."
"WDI_IND_GDPGROWTH","Real GDP growth · India","Growth","India","India","World Bank · World Development Indicators","https://data.worldbank.org/indicator/NY.GDP.MKTP.KD.ZG","annual","%","1961-12-31","2025-12-31","65","published observations","Real GDP growth is the World Bank's annual percentage change in constant-price GDP. Observations are retained without interpolation, annualization, or synthetic substitution. Dates use December 31 as a reference-year label, not a publication date; missing values are omitted. World aggregates use the provider's indicator-specific aggregation and coverage, not an unweighted country average. Source indicator: NY.GDP.MKTP.KD.ZG."
"WDI_BRA_GDPGROWTH","Real GDP growth · Brazil","Growth","Brazil","Brazil","World Bank · World Development Indicators","https://data.worldbank.org/indicator/NY.GDP.MKTP.KD.ZG","annual","%","1961-12-31","2025-12-31","65","published observations","Real GDP growth is the World Bank's annual percentage change in constant-price GDP. Observations are retained without interpolation, annualization, or synthetic substitution. Dates use December 31 as a reference-year label, not a publication date; missing values are omitted. World aggregates use the provider's indicator-specific aggregation and coverage, not an unweighted country average. Source indicator: NY.GDP.MKTP.KD.ZG."
"WDI_MEX_GDPGROWTH","Real GDP growth · Mexico","Growth","Mexico","Mexico","World Bank · World Development Indicators","https://data.worldbank.org/indicator/NY.GDP.MKTP.KD.ZG","annual","%","1961-12-31","2025-12-31","65","published observations","Real GDP growth is the World Bank's annual percentage change in constant-price GDP. Observations are retained without interpolation, annualization, or synthetic substitution. Dates use December 31 as a reference-year label, not a publication date; missing values are omitted. World aggregates use the provider's indicator-specific aggregation and coverage, not an unweighted country average. Source indicator: NY.GDP.MKTP.KD.ZG."
"WDI_KOR_GDPGROWTH","Real GDP growth · Korea, Rep.","Growth","South Korea","South Korea","World Bank · World Development Indicators","https://data.worldbank.org/indicator/NY.GDP.MKTP.KD.ZG","annual","%","1961-12-31","2025-12-31","65","published observations","Real GDP growth is the World Bank's annual percentage change in constant-price GDP. Observations are retained without interpolation, annualization, or synthetic substitution. Dates use December 31 as a reference-year label, not a publication date; missing values are omitted. World aggregates use the provider's indicator-specific aggregation and coverage, not an unweighted country average. Source indicator: NY.GDP.MKTP.KD.ZG."
"WDI_ZAF_GDPGROWTH","Real GDP growth · South Africa","Growth","South Africa","South Africa","World Bank · World Development Indicators","https://data.worldbank.org/indicator/NY.GDP.MKTP.KD.ZG","annual","%","1961-12-31","2025-12-31","65","published observations","Real GDP growth is the World Bank's annual percentage change in constant-price GDP. Observations are retained without interpolation, annualization, or synthetic substitution. Dates use December 31 as a reference-year label, not a publication date; missing values are omitted. World aggregates use the provider's indicator-specific aggregation and coverage, not an unweighted country average. Source indicator: NY.GDP.MKTP.KD.ZG."
"WDI_SAU_GDPGROWTH","Real GDP growth · Saudi Arabia","Growth","Saudi Arabia","Saudi Arabia","World Bank · World Development Indicators","https://data.worldbank.org/indicator/NY.GDP.MKTP.KD.ZG","annual","%","1961-12-31","2025-12-31","65","published observations","Real GDP growth is the World Bank's annual percentage change in constant-price GDP. Observations are retained without interpolation, annualization, or synthetic substitution. Dates use December 31 as a reference-year label, not a publication date; missing values are omitted. World aggregates use the provider's indicator-specific aggregation and coverage, not an unweighted country average. Source indicator: NY.GDP.MKTP.KD.ZG."
"WDI_IDN_GDPGROWTH","Real GDP growth · Indonesia","Growth","Indonesia","Indonesia","World Bank · World Development Indicators","https://data.worldbank.org/indicator/NY.GDP.MKTP.KD.ZG","annual","%","1961-12-31","2025-12-31","65","published observations","Real GDP growth is the World Bank's annual percentage change in constant-price GDP. Observations are retained without interpolation, annualization, or synthetic substitution. Dates use December 31 as a reference-year label, not a publication date; missing values are omitted. World aggregates use the provider's indicator-specific aggregation and coverage, not an unweighted country average. Source indicator: NY.GDP.MKTP.KD.ZG."
